cell_id,Landmass,Area_km2
X1,Tierra del Fuego,47370
X2,South America,17609548
X3,South America,17609548
X4,South America,17609548
X5,South America,17609548
X6,South America,17609548
X7,South America,17609548
X8,South America,17609548
X9,South America,17609548
X10,South America,17609548
X11,South America,17609548
X12,South Island,150644
X13,South America,17609548
X14,South America,17609548
X15,South America,17609548
X16,South America,17609548
X17,South Island,150644
X18,South Island,150644
X19,South America,17609548
X20,South America,17609548
X21,South America,17609548
X22,South America,17609548
X23,South America,17609548
X24,Tasmania,64288
X25,South Island,150644
X26,South America,17609548
X27,South America,17609548
X28,South America,17609548
X29,South America,17609548
X30,South America,17609548
X31,South America,17609548
X32,North Island,114400
X33,South America,17609548
X34,South America,17609548
X35,South America,17609548
X36,South America,17609548
X37,South America,17609548
X38,South America,17609548
X39,South America,17609548
X40,South America,17609548
X41,Australia,7618696
X42,Australia,7618696
X43,Australia,7618696
X44,North Island,114400
X45,North Island,114400
X46,South America,17609548
X47,South America,17609548
X48,South America,17609548
X49,South America,17609548
X50,South America,17609548
X51,South America,17609548
X52,South America,17609548
X53,Australia,7618696
X54,Australia,7618696
X55,Australia,7618696
X56,Australia,7618696
X57,Australia,7618696
X58,South America,17609548
X59,South America,17609548
X60,South America,17609548
X61,South America,17609548
X62,South America,17609548
X63,South America,17609548
X64,South America,17609548
X65,South America,17609548
X66,South America,17609548
X67,Africa,29370907
X68,Australia,7618696
X69,Australia,7618696
X70,Australia,7618696
X71,Australia,7618696
X72,Australia,7618696
X73,Australia,7618696
X74,Australia,7618696
X75,Australia,7618696
X76,South America,17609548
X77,South America,17609548
X78,South America,17609548
X79,South America,17609548
X80,South America,17609548
X81,South America,17609548
X82,South America,17609548
X83,South America,17609548
X84,South America,17609548
X85,South America,17609548
X86,Africa,29370907
X87,Africa,29370907
X88,Africa,29370907
X89,Africa,29370907
X90,Africa,29370907
X91,Australia,7618696
X92,Australia,7618696
X93,Australia,7618696
X94,Australia,7618696
X95,Australia,7618696
X96,Australia,7618696
X97,Australia,7618696
X98,Australia,7618696
X99,Australia,7618696
X100,Australia,7618696
X101,Australia,7618696
X102,Australia,7618696
X103,Australia,7618696
X104,Australia,7618696
X105,South America,17609548
X106,South America,17609548
X107,South America,17609548
X108,South America,17609548
X109,South America,17609548
X110,South America,17609548
X111,South America,17609548
X112,South America,17609548
X113,South America,17609548
X114,South America,17609548
X115,Africa,29370907
X116,Africa,29370907
X117,Africa,29370907
X118,Africa,29370907
X119,Africa,29370907
X120,Africa,29370907
X121,Australia,7618696
X122,Australia,7618696
X123,Australia,7618696
X124,Australia,7618696
X125,Australia,7618696
X126,Australia,7618696
X127,Australia,7618696
X128,Australia,7618696
X129,Australia,7618696
X130,Australia,7618696
X131,Australia,7618696
X132,Australia,7618696
X133,Australia,7618696
X134,Australia,7618696
X135,Australia,7618696
X136,Australia,7618696
X137,Australia,7618696
X138,Australia,7618696
X139,Australia,7618696
X140,South America,17609548
X141,South America,17609548
X142,South America,17609548
X143,South America,17609548
X144,South America,17609548
X145,South America,17609548
X146,South America,17609548
X147,South America,17609548
X148,South America,17609548
X149,South America,17609548
X150,South America,17609548
X151,Africa,29370907
X152,Africa,29370907
X153,Africa,29370907
X154,Africa,29370907
X155,Africa,29370907
X156,Africa,29370907
X157,Africa,29370907
X158,Africa,29370907
X159,Australia,7618696
X160,Australia,7618696
X161,Australia,7618696
X162,Australia,7618696
X163,Australia,7618696
X164,Australia,7618696
X165,Australia,7618696
X166,Australia,7618696
X167,Australia,7618696
X168,Australia,7618696
X169,Australia,7618696
X170,Australia,7618696
X171,Australia,7618696
X172,Australia,7618696
X173,Australia,7618696
X174,Australia,7618696
X175,Australia,7618696
X176,Australia,7618696
X177,Australia,7618696
X178,Australia,7618696
X179,South America,17609548
X180,South America,17609548
X181,South America,17609548
X182,South America,17609548
X183,South America,17609548
X184,South America,17609548
X185,South America,17609548
X186,South America,17609548
X187,South America,17609548
X188,South America,17609548
X189,South America,17609548
X190,Africa,29370907
X191,Africa,29370907
X192,Africa,29370907
X193,Africa,29370907
X194,Africa,29370907
X195,Africa,29370907
X196,Africa,29370907
X197,Africa,29370907
X198,Australia,7618696
X199,Australia,7618696
X200,Australia,7618696
X201,Australia,7618696
X202,Australia,7618696
X203,Australia,7618696
X204,Australia,7618696
X205,Australia,7618696
X206,Australia,7618696
X207,Australia,7618696
X208,Australia,7618696
X209,Australia,7618696
X210,Australia,7618696
X211,Australia,7618696
X212,Australia,7618696
X213,Australia,7618696
X214,Australia,7618696
X215,Australia,7618696
X216,Australia,7618696
X217,Australia,7618696
X218,South America,17609548
X219,South America,17609548
X220,South America,17609548
X221,South America,17609548
X222,South America,17609548
X223,South America,17609548
X224,South America,17609548
X225,South America,17609548
X226,South America,17609548
X227,South America,17609548
X228,South America,17609548
X229,Africa,29370907
X230,Africa,29370907
X231,Africa,29370907
X232,Africa,29370907
X233,Africa,29370907
X234,Africa,29370907
X235,Africa,29370907
X236,Africa,29370907
X237,Africa,29370907
X238,Africa,29370907
X239,Australia,7618696
X240,Australia,7618696
X241,Australia,7618696
X242,Australia,7618696
X243,Australia,7618696
X244,Australia,7618696
X245,Australia,7618696
X246,Australia,7618696
X247,Australia,7618696
X248,Australia,7618696
X249,Australia,7618696
X250,Australia,7618696
X251,Australia,7618696
X252,Australia,7618696
X253,Australia,7618696
X254,Australia,7618696
X255,Australia,7618696
X256,Australia,7618696
X257,Australia,7618696
X258,South America,17609548
X259,South America,17609548
X260,South America,17609548
X261,South America,17609548
X262,South America,17609548
X263,South America,17609548
X264,South America,17609548
X265,South America,17609548
X266,South America,17609548
X267,South America,17609548
X268,South America,17609548
X269,South America,17609548
X270,Africa,29370907
X271,Africa,29370907
X272,Africa,29370907
X273,Africa,29370907
X274,Africa,29370907
X275,Africa,29370907
X276,Africa,29370907
X277,Africa,29370907
X278,Africa,29370907
X279,Africa,29370907
X280,Africa,29370907
X281,Madagascar,589438
X282,Madagascar,589438
X283,Australia,7618696
X284,Australia,7618696
X285,Australia,7618696
X286,Australia,7618696
X287,Australia,7618696
X288,Australia,7618696
X289,Australia,7618696
X290,Australia,7618696
X291,Australia,7618696
X292,Australia,7618696
X293,Australia,7618696
X294,Australia,7618696
X295,Australia,7618696
X296,Australia,7618696
X297,Australia,7618696
X298,Australia,7618696
X299,Australia,7618696
X300,Australia,7618696
X301,Australia,7618696
X302,South America,17609548
X303,South America,17609548
X304,South America,17609548
X305,South America,17609548
X306,South America,17609548
X307,South America,17609548
X308,South America,17609548
X309,South America,17609548
X310,South America,17609548
X311,South America,17609548
X312,South America,17609548
X313,South America,17609548
X314,South America,17609548
X315,South America,17609548
X316,Africa,29370907
X317,Africa,29370907
X318,Africa,29370907
X319,Africa,29370907
X320,Africa,29370907
X321,Africa,29370907
X322,Africa,29370907
X323,Africa,29370907
X324,Africa,29370907
X325,Africa,29370907
X326,Africa,29370907
X327,Madagascar,589438
X328,Madagascar,589438
X329,Australia,7618696
X330,Australia,7618696
X331,Australia,7618696
X332,Australia,7618696
X333,Australia,7618696
X334,Australia,7618696
X335,Australia,7618696
X336,Australia,7618696
X337,Australia,7618696
X338,Australia,7618696
X339,Australia,7618696
X340,Australia,7618696
X341,Australia,7618696
X342,Australia,7618696
X343,Australia,7618696
X344,Australia,7618696
X345,Australia,7618696
X346,Australia,7618696
X347,South America,17609548
X348,South America,17609548
X349,South America,17609548
X350,South America,17609548
X351,South America,17609548
X352,South America,17609548
X353,South America,17609548
X354,South America,17609548
X355,South America,17609548
X356,South America,17609548
X357,South America,17609548
X358,South America,17609548
X359,South America,17609548
X360,South America,17609548
X361,South America,17609548
X362,Africa,29370907
X363,Africa,29370907
X364,Africa,29370907
X365,Africa,29370907
X366,Africa,29370907
X367,Africa,29370907
X368,Africa,29370907
X369,Africa,29370907
X370,Africa,29370907
X371,Africa,29370907
X372,Madagascar,589438
X373,Madagascar,589438
X374,Australia,7618696
X375,Australia,7618696
X376,Australia,7618696
X377,Australia,7618696
X378,Australia,7618696
X379,Australia,7618696
X380,Australia,7618696
X381,Australia,7618696
X382,Australia,7618696
X383,Australia,7618696
X384,Australia,7618696
X385,Australia,7618696
X386,Australia,7618696
X387,Australia,7618696
X388,Australia,7618696
X389,Australia,7618696
X390,South America,17609548
X391,South America,17609548
X392,South America,17609548
X393,South America,17609548
X394,South America,17609548
X395,South America,17609548
X396,South America,17609548
X397,South America,17609548
X398,South America,17609548
X399,South America,17609548
X400,South America,17609548
X401,South America,17609548
X402,South America,17609548
X403,South America,17609548
X404,South America,17609548
X405,Africa,29370907
X406,Africa,29370907
X407,Africa,29370907
X408,Africa,29370907
X409,Africa,29370907
X410,Africa,29370907
X411,Africa,29370907
X412,Africa,29370907
X413,Africa,29370907
X414,Africa,29370907
X415,Africa,29370907
X416,Africa,29370907
X417,Madagascar,589438
X418,Madagascar,589438
X419,Madagascar,589438
X420,Australia,7618696
X421,Australia,7618696
X422,Australia,7618696
X423,Australia,7618696
X424,Australia,7618696
X425,Australia,7618696
X426,Australia,7618696
X427,Australia,7618696
X428,Australia,7618696
X429,Australia,7618696
X430,Australia,7618696
X431,Australia,7618696
X432,South America,17609548
X433,South America,17609548
X434,South America,17609548
X435,South America,17609548
X436,South America,17609548
X437,South America,17609548
X438,South America,17609548
X439,South America,17609548
X440,South America,17609548
X441,South America,17609548
X442,South America,17609548
X443,South America,17609548
X444,South America,17609548
X445,South America,17609548
X446,South America,17609548
X447,South America,17609548
X448,Africa,29370907
X449,Africa,29370907
X450,Africa,29370907
X451,Africa,29370907
X452,Africa,29370907
X453,Africa,29370907
X454,Africa,29370907
X455,Africa,29370907
X456,Africa,29370907
X457,Africa,29370907
X458,Africa,29370907
X459,Africa,29370907
X460,Africa,29370907
X461,Madagascar,589438
X462,Madagascar,589438
X463,Madagascar,589438
X464,Australia,7618696
X465,Australia,7618696
X466,Australia,7618696
X467,Australia,7618696
X468,Australia,7618696
X469,Australia,7618696
X470,Australia,7618696
X471,Australia,7618696
X472,Australia,7618696
X473,Australia,7618696
X474,Australia,7618696
X475,Australia,7618696
X476,South America,17609548
X477,South America,17609548
X478,South America,17609548
X479,South America,17609548
X480,South America,17609548
X481,South America,17609548
X482,South America,17609548
X483,South America,17609548
X484,South America,17609548
X485,South America,17609548
X486,South America,17609548
X487,South America,17609548
X488,South America,17609548
X489,South America,17609548
X490,South America,17609548
X491,South America,17609548
X492,South America,17609548
X493,South America,17609548
X494,Africa,29370907
X495,Africa,29370907
X496,Africa,29370907
X497,Africa,29370907
X498,Africa,29370907
X499,Africa,29370907
X500,Africa,29370907
X501,Africa,29370907
X502,Africa,29370907
X503,Africa,29370907
X504,Africa,29370907
X505,Africa,29370907
X506,Africa,29370907
X507,Africa,29370907
X508,Madagascar,589438
X509,Madagascar,589438
X510,Australia,7618696
X511,Australia,7618696
X512,Australia,7618696
X513,Australia,7618696
X514,Australia,7618696
X515,Australia,7618696
X516,Australia,7618696
X517,Australia,7618696
X518,Australia,7618696
X519,South America,17609548
X520,South America,17609548
X521,South America,17609548
X522,South America,17609548
X523,South America,17609548
X524,South America,17609548
X525,South America,17609548
X526,South America,17609548
X527,South America,17609548
X528,South America,17609548
X529,South America,17609548
X530,South America,17609548
X531,South America,17609548
X532,South America,17609548
X533,South America,17609548
X534,South America,17609548
X535,South America,17609548
X536,South America,17609548
X537,Africa,29370907
X538,Africa,29370907
X539,Africa,29370907
X540,Africa,29370907
X541,Africa,29370907
X542,Africa,29370907
X543,Africa,29370907
X544,Africa,29370907
X545,Africa,29370907
X546,Africa,29370907
X547,Africa,29370907
X548,Africa,29370907
X549,Africa,29370907
X550,Africa,29370907
X551,Madagascar,589438
X552,Australia,7618696
X553,Australia,7618696
X554,Australia,7618696
X555,Australia,7618696
X556,Australia,7618696
X557,South America,17609548
X558,South America,17609548
X559,South America,17609548
X560,South America,17609548
X561,South America,17609548
X562,South America,17609548
X563,South America,17609548
X564,South America,17609548
X565,South America,17609548
X566,South America,17609548
X567,South America,17609548
X568,South America,17609548
X569,South America,17609548
X570,South America,17609548
X571,South America,17609548
X572,South America,17609548
X573,South America,17609548
X574,South America,17609548
X575,South America,17609548
X576,Africa,29370907
X577,Africa,29370907
X578,Africa,29370907
X579,Africa,29370907
X580,Africa,29370907
X581,Africa,29370907
X582,Africa,29370907
X583,Africa,29370907
X584,Africa,29370907
X585,Africa,29370907
X586,Africa,29370907
X587,Africa,29370907
X588,Africa,29370907
X589,Australia,7618696
X590,Australia,7618696
X591,Australia,7618696
X592,Australia,7618696
X593,South America,17609548
X594,South America,17609548
X595,South America,17609548
X596,South America,17609548
X597,South America,17609548
X598,South America,17609548
X599,South America,17609548
X600,South America,17609548
X601,South America,17609548
X602,South America,17609548
X603,South America,17609548
X604,South America,17609548
X605,South America,17609548
X606,South America,17609548
X607,South America,17609548
X608,South America,17609548
X609,South America,17609548
X610,South America,17609548
X611,South America,17609548
X612,South America,17609548
X613,Africa,29370907
X614,Africa,29370907
X615,Africa,29370907
X616,Africa,29370907
X617,Africa,29370907
X618,Africa,29370907
X619,Africa,29370907
X620,Africa,29370907
X621,Africa,29370907
X622,Africa,29370907
X623,Africa,29370907
X624,Africa,29370907
X625,Africa,29370907
X626,South America,17609548
X627,South America,17609548
X628,South America,17609548
X629,South America,17609548
X630,South America,17609548
X631,South America,17609548
X632,South America,17609548
X633,South America,17609548
X634,South America,17609548
X635,South America,17609548
X636,South America,17609548
X637,South America,17609548
X638,South America,17609548
X639,South America,17609548
X640,South America,17609548
X641,South America,17609548
X642,South America,17609548
X643,South America,17609548
X644,South America,17609548
X645,South America,17609548
X646,South America,17609548
X647,Africa,29370907
X648,Africa,29370907
X649,Africa,29370907
X650,Africa,29370907
X651,Africa,29370907
X652,Africa,29370907
X653,Africa,29370907
X654,Africa,29370907
X655,Africa,29370907
X656,Africa,29370907
X657,Africa,29370907
X658,Africa,29370907
X659,Africa,29370907
X660,New Guinea,768675
X661,South America,17609548
X662,South America,17609548
X663,South America,17609548
X664,South America,17609548
X665,South America,17609548
X666,South America,17609548
X667,South America,17609548
X668,South America,17609548
X669,South America,17609548
X670,South America,17609548
X671,South America,17609548
X672,South America,17609548
X673,South America,17609548
X674,South America,17609548
X675,South America,17609548
X676,South America,17609548
X677,South America,17609548
X678,South America,17609548
X679,South America,17609548
X680,South America,17609548
X681,South America,17609548
X682,South America,17609548
X683,South America,17609548
X684,Africa,29370907
X685,Africa,29370907
X686,Africa,29370907
X687,Africa,29370907
X688,Africa,29370907
X689,Africa,29370907
X690,Africa,29370907
X691,Africa,29370907
X692,Africa,29370907
X693,Africa,29370907
X694,Africa,29370907
X695,Africa,29370907
X696,Africa,29370907
X697,Java,126642
X698,New Guinea,768675
X699,New Guinea,768675
X700,New Guinea,768675
X701,South America,17609548
X702,South America,17609548
X703,South America,17609548
X704,South America,17609548
X705,South America,17609548
X706,South America,17609548
X707,South America,17609548
X708,South America,17609548
X709,South America,17609548
X710,South America,17609548
X711,South America,17609548
X712,South America,17609548
X713,South America,17609548
X714,South America,17609548
X715,South America,17609548
X716,South America,17609548
X717,South America,17609548
X718,South America,17609548
X719,South America,17609548
X720,South America,17609548
X721,South America,17609548
X722,South America,17609548
X723,South America,17609548
X724,Africa,29370907
X725,Africa,29370907
X726,Africa,29370907
X727,Africa,29370907
X728,Africa,29370907
X729,Africa,29370907
X730,Africa,29370907
X731,Africa,29370907
X732,Africa,29370907
X733,Africa,29370907
X734,Africa,29370907
X735,Africa,29370907
X736,Africa,29370907
X737,Africa,29370907
X738,Java,126642
X739,Java,126642
X740,Java,126642
X741,New Guinea,768675
X742,New Guinea,768675
X743,New Guinea,768675
X744,New Guinea,768675
X745,New Guinea,768675
X746,South America,17609548
X747,South America,17609548
X748,South America,17609548
X749,South America,17609548
X750,South America,17609548
X751,South America,17609548
X752,South America,17609548
X753,South America,17609548
X754,South America,17609548
X755,South America,17609548
X756,South America,17609548
X757,South America,17609548
X758,South America,17609548
X759,South America,17609548
X760,South America,17609548
X761,South America,17609548
X762,South America,17609548
X763,South America,17609548
X764,South America,17609548
X765,South America,17609548
X766,South America,17609548
X767,South America,17609548
X768,South America,17609548
X769,Africa,29370907
X770,Africa,29370907
X771,Africa,29370907
X772,Africa,29370907
X773,Africa,29370907
X774,Africa,29370907
X775,Africa,29370907
X776,Africa,29370907
X777,Africa,29370907
X778,Africa,29370907
X779,Africa,29370907
X780,Africa,29370907
X781,Africa,29370907
X782,Africa,29370907
X783,Sumatra,425283
X784,New Guinea,768675
X785,New Guinea,768675
X786,New Guinea,768675
X787,New Guinea,768675
X788,South America,17609548
X789,South America,17609548
X790,South America,17609548
X791,South America,17609548
X792,South America,17609548
X793,South America,17609548
X794,South America,17609548
X795,South America,17609548
X796,South America,17609548
X797,South America,17609548
X798,South America,17609548
X799,South America,17609548
X800,South America,17609548
X801,South America,17609548
X802,South America,17609548
X803,South America,17609548
X804,South America,17609548
X805,South America,17609548
X806,South America,17609548
X807,South America,17609548
X808,South America,17609548
X809,Africa,29370907
X810,Africa,29370907
X811,Africa,29370907
X812,Africa,29370907
X813,Africa,29370907
X814,Africa,29370907
X815,Africa,29370907
X816,Africa,29370907
X817,Africa,29370907
X818,Africa,29370907
X819,Africa,29370907
X820,Africa,29370907
X821,Africa,29370907
X822,Africa,29370907
X823,Africa,29370907
X824,Sumatra,425283
X825,Sumatra,425283
X826,Borneo,718333
X827,Sulawesi,168849
X828,New Guinea,768675
X829,New Guinea,768675
X830,New Guinea,768675
X831,New Guinea,768675
X832,New Guinea,768675
X833,South America,17609548
X834,South America,17609548
X835,South America,17609548
X836,South America,17609548
X837,South America,17609548
X838,South America,17609548
X839,South America,17609548
X840,South America,17609548
X841,South America,17609548
X842,South America,17609548
X843,South America,17609548
X844,South America,17609548
X845,South America,17609548
X846,South America,17609548
X847,South America,17609548
X848,South America,17609548
X849,South America,17609548
X850,South America,17609548
X851,Africa,29370907
X852,Africa,29370907
X853,Africa,29370907
X854,Africa,29370907
X855,Africa,29370907
X856,Africa,29370907
X857,Africa,29370907
X858,Africa,29370907
X859,Africa,29370907
X860,Africa,29370907
X861,Africa,29370907
X862,Africa,29370907
X863,Africa,29370907
X864,Africa,29370907
X865,Africa,29370907
X866,Sumatra,425283
X867,Sumatra,425283
X868,Borneo,718333
X869,Borneo,718333
X870,Borneo,718333
X871,Sulawesi,168849
X872,New Guinea,768675
X873,New Guinea,768675
X874,New Guinea,768675
X875,South America,17609548
X876,South America,17609548
X877,South America,17609548
X878,South America,17609548
X879,South America,17609548
X880,South America,17609548
X881,South America,17609548
X882,South America,17609548
X883,South America,17609548
X884,South America,17609548
X885,South America,17609548
X886,South America,17609548
X887,South America,17609548
X888,South America,17609548
X889,Marajo,31388
X890,Africa,29370907
X891,Africa,29370907
X892,Africa,29370907
X893,Africa,29370907
X894,Africa,29370907
X895,Africa,29370907
X896,Africa,29370907
X897,Africa,29370907
X898,Africa,29370907
X899,Africa,29370907
X900,Africa,29370907
X901,Africa,29370907
X902,Africa,29370907
X903,Africa,29370907
X904,Africa,29370907
X905,Africa,29370907
X906,Sumatra,425283
X907,Sumatra,425283
X908,Borneo,718333
X909,Borneo,718333
X910,Borneo,718333
X911,Borneo,718333
X912,New Guinea,768675
X913,South America,17609548
X914,South America,17609548
X915,South America,17609548
X916,South America,17609548
X917,South America,17609548
X918,South America,17609548
X919,South America,17609548
X920,South America,17609548
X921,South America,17609548
X922,South America,17609548
X923,South America,17609548
X924,South America,17609548
X925,South America,17609548
X926,South America,17609548
X927,South America,17609548
X928,Africa,29370907
X929,Africa,29370907
X930,Africa,29370907
X931,Africa,29370907
X932,Africa,29370907
X933,Africa,29370907
X934,Africa,29370907
X935,Africa,29370907
X936,Africa,29370907
X937,Africa,29370907
X938,Africa,29370907
X939,Africa,29370907
X940,Africa,29370907
X941,Africa,29370907
X942,Africa,29370907
X943,Africa,29370907
X944,Africa,29370907
X945,Sumatra,425283
X946,Borneo,718333
X947,Borneo,718333
X948,Borneo,718333
X949,Borneo,718333
X950,Borneo,718333
X951,South America,17609548
X952,South America,17609548
X953,South America,17609548
X954,South America,17609548
X955,South America,17609548
X956,South America,17609548
X957,South America,17609548
X958,South America,17609548
X959,South America,17609548
X960,South America,17609548
X961,South America,17609548
X962,South America,17609548
X963,South America,17609548
X964,South America,17609548
X965,Africa,29370907
X966,Africa,29370907
X967,Africa,29370907
X968,Africa,29370907
X969,Africa,29370907
X970,Africa,29370907
X971,Africa,29370907
X972,Africa,29370907
X973,Africa,29370907
X974,Africa,29370907
X975,Africa,29370907
X976,Africa,29370907
X977,Africa,29370907
X978,Africa,29370907
X979,Africa,29370907
X980,Africa,29370907
X981,Africa,29370907
X982,Africa,29370907
X983,Sumatra,425283
X984,Eurasia,50439819
X985,Borneo,718333
X986,Borneo,718333
X987,Borneo,718333
X988,South America,17609548
X989,South America,17609548
X990,South America,17609548
X991,South America,17609548
X992,South America,17609548
X993,South America,17609548
X994,South America,17609548
X995,South America,17609548
X996,South America,17609548
X997,South America,17609548
X998,South America,17609548
X999,South America,17609548
X1000,South America,17609548
X1001,Africa,29370907
X1002,Africa,29370907
X1003,Africa,29370907
X1004,Africa,29370907
X1005,Africa,29370907
X1006,Africa,29370907
X1007,Africa,29370907
X1008,Africa,29370907
X1009,Africa,29370907
X1010,Africa,29370907
X1011,Africa,29370907
X1012,Africa,29370907
X1013,Africa,29370907
X1014,Africa,29370907
X1015,Africa,29370907
X1016,Africa,29370907
X1017,Africa,29370907
X1018,Africa,29370907
X1019,Africa,29370907
X1020,Sumatra,425283
X1021,Eurasia,50439819
X1022,Eurasia,50439819
X1023,Borneo,718333
X1024,Borneo,718333
X1025,South America,17609548
X1026,South America,17609548
X1027,South America,17609548
X1028,South America,17609548
X1029,South America,17609548
X1030,South America,17609548
X1031,South America,17609548
X1032,South America,17609548
X1033,South America,17609548
X1034,South America,17609548
X1035,South America,17609548
X1036,South America,17609548
X1037,Africa,29370907
X1038,Africa,29370907
X1039,Africa,29370907
X1040,Africa,29370907
X1041,Africa,29370907
X1042,Africa,29370907
X1043,Africa,29370907
X1044,Africa,29370907
X1045,Africa,29370907
X1046,Africa,29370907
X1047,Africa,29370907
X1048,Africa,29370907
X1049,Africa,29370907
X1050,Africa,29370907
X1051,Africa,29370907
X1052,Africa,29370907
X1053,Africa,29370907
X1054,Africa,29370907
X1055,Africa,29370907
X1056,Africa,29370907
X1057,Africa,29370907
X1058,Africa,29370907
X1059,Africa,29370907
X1060,Africa,29370907
X1061,Africa,29370907
X1062,Africa,29370907
X1063,Eurasia,50439819
X1064,Borneo,718333
X1065,South America,17609548
X1066,South America,17609548
X1067,South America,17609548
X1068,South America,17609548
X1069,South America,17609548
X1070,South America,17609548
X1071,South America,17609548
X1072,South America,17609548
X1073,South America,17609548
X1074,South America,17609548
X1075,Africa,29370907
X1076,Africa,29370907
X1077,Africa,29370907
X1078,Africa,29370907
X1079,Africa,29370907
X1080,Africa,29370907
X1081,Africa,29370907
X1082,Africa,29370907
X1083,Africa,29370907
X1084,Africa,29370907
X1085,Africa,29370907
X1086,Africa,29370907
X1087,Africa,29370907
X1088,Africa,29370907
X1089,Africa,29370907
X1090,Africa,29370907
X1091,Africa,29370907
X1092,Africa,29370907
X1093,Africa,29370907
X1094,Africa,29370907
X1095,Africa,29370907
X1096,Africa,29370907
X1097,Africa,29370907
X1098,Africa,29370907
X1099,Africa,29370907
X1100,Africa,29370907
X1101,Africa,29370907
X1102,Africa,29370907
X1103,Africa,29370907
X1104,Africa,29370907
X1105,Africa,29370907
X1106,Sri Lanka,65490
X1107,Eurasia,50439819
X1108,Mindanao,93859
X1109,North America,20090075
X1110,South America,17609548
X1111,South America,17609548
X1112,South America,17609548
X1113,South America,17609548
X1114,South America,17609548
X1115,South America,17609548
X1116,South America,17609548
X1117,South America,17609548
X1118,South America,17609548
X1119,Africa,29370907
X1120,Africa,29370907
X1121,Africa,29370907
X1122,Africa,29370907
X1123,Africa,29370907
X1124,Africa,29370907
X1125,Africa,29370907
X1126,Africa,29370907
X1127,Africa,29370907
X1128,Africa,29370907
X1129,Africa,29370907
X1130,Africa,29370907
X1131,Africa,29370907
X1132,Africa,29370907
X1133,Africa,29370907
X1134,Africa,29370907
X1135,Africa,29370907
X1136,Africa,29370907
X1137,Africa,29370907
X1138,Africa,29370907
X1139,Africa,29370907
X1140,Africa,29370907
X1141,Africa,29370907
X1142,Africa,29370907
X1143,Africa,29370907
X1144,Africa,29370907
X1145,Africa,29370907
X1146,Africa,29370907
X1147,Africa,29370907
X1148,Africa,29370907
X1149,Africa,29370907
X1150,Africa,29370907
X1151,Sri Lanka,65490
X1152,Eurasia,50439819
X1153,Mindanao,93859
X1154,North America,20090075
X1155,South America,17609548
X1156,South America,17609548
X1157,South America,17609548
X1158,South America,17609548
X1159,South America,17609548
X1160,South America,17609548
X1161,South America,17609548
X1162,Africa,29370907
X1163,Africa,29370907
X1164,Africa,29370907
X1165,Africa,29370907
X1166,Africa,29370907
X1167,Africa,29370907
X1168,Africa,29370907
X1169,Africa,29370907
X1170,Africa,29370907
X1171,Africa,29370907
X1172,Africa,29370907
X1173,Africa,29370907
X1174,Africa,29370907
X1175,Africa,29370907
X1176,Africa,29370907
X1177,Africa,29370907
X1178,Africa,29370907
X1179,Africa,29370907
X1180,Africa,29370907
X1181,Africa,29370907
X1182,Africa,29370907
X1183,Africa,29370907
X1184,Africa,29370907
X1185,Africa,29370907
X1186,Africa,29370907
X1187,Africa,29370907
X1188,Africa,29370907
X1189,Africa,29370907
X1190,Africa,29370907
X1191,Africa,29370907
X1192,Africa,29370907
X1193,Africa,29370907
X1194,Eurasia,50439819
X1195,Eurasia,50439819
X1196,Eurasia,50439819
X1197,North America,20090075
X1198,South America,17609548
X1199,Africa,29370907
X1200,Africa,29370907
X1201,Africa,29370907
X1202,Africa,29370907
X1203,Africa,29370907
X1204,Africa,29370907
X1205,Africa,29370907
X1206,Africa,29370907
X1207,Africa,29370907
X1208,Africa,29370907
X1209,Africa,29370907
X1210,Africa,29370907
X1211,Africa,29370907
X1212,Africa,29370907
X1213,Africa,29370907
X1214,Africa,29370907
X1215,Africa,29370907
X1216,Africa,29370907
X1217,Africa,29370907
X1218,Africa,29370907
X1219,Africa,29370907
X1220,Africa,29370907
X1221,Africa,29370907
X1222,Africa,29370907
X1223,Africa,29370907
X1224,Africa,29370907
X1225,Africa,29370907
X1226,Africa,29370907
X1227,Africa,29370907
X1228,Africa,29370907
X1229,Eurasia,50439819
X1230,Eurasia,50439819
X1231,Eurasia,50439819
X1232,Eurasia,50439819
X1233,Eurasia,50439819
X1234,North America,20090075
X1235,North America,20090075
X1236,Africa,29370907
X1237,Africa,29370907
X1238,Africa,29370907
X1239,Africa,29370907
X1240,Africa,29370907
X1241,Africa,29370907
X1242,Africa,29370907
X1243,Africa,29370907
X1244,Africa,29370907
X1245,Africa,29370907
X1246,Africa,29370907
X1247,Africa,29370907
X1248,Africa,29370907
X1249,Africa,29370907
X1250,Africa,29370907
X1251,Africa,29370907
X1252,Africa,29370907
X1253,Africa,29370907
X1254,Africa,29370907
X1255,Africa,29370907
X1256,Africa,29370907
X1257,Africa,29370907
X1258,Africa,29370907
X1259,Africa,29370907
X1260,Africa,29370907
X1261,Africa,29370907
X1262,Africa,29370907
X1263,Africa,29370907
X1264,Africa,29370907
X1265,Africa,29370907
X1266,Eurasia,50439819
X1267,Eurasia,50439819
X1268,Eurasia,50439819
X1269,Eurasia,50439819
X1270,Eurasia,50439819
X1271,Eurasia,50439819
X1272,Eurasia,50439819
X1273,Eurasia,50439819
X1274,Eurasia,50439819
X1275,Eurasia,50439819
X1276,North America,20090075
X1277,North America,20090075
X1278,North America,20090075
X1279,North America,20090075
X1280,Africa,29370907
X1281,Africa,29370907
X1282,Africa,29370907
X1283,Africa,29370907
X1284,Africa,29370907
X1285,Africa,29370907
X1286,Africa,29370907
X1287,Africa,29370907
X1288,Africa,29370907
X1289,Africa,29370907
X1290,Africa,29370907
X1291,Africa,29370907
X1292,Africa,29370907
X1293,Africa,29370907
X1294,Africa,29370907
X1295,Africa,29370907
X1296,Africa,29370907
X1297,Africa,29370907
X1298,Africa,29370907
X1299,Africa,29370907
X1300,Africa,29370907
X1301,Africa,29370907
X1302,Africa,29370907
X1303,Africa,29370907
X1304,Africa,29370907
X1305,Africa,29370907
X1306,Africa,29370907
X1307,Africa,29370907
X1308,Eurasia,50439819
X1309,Eurasia,50439819
X1310,Eurasia,50439819
X1311,Eurasia,50439819
X1312,Eurasia,50439819
X1313,Eurasia,50439819
X1314,Eurasia,50439819
X1315,Eurasia,50439819
X1316,Eurasia,50439819
X1317,Eurasia,50439819
X1318,Eurasia,50439819
X1319,Eurasia,50439819
X1320,Eurasia,50439819
X1321,Luzon,104240
X1322,North America,20090075
X1323,North America,20090075
X1324,North America,20090075
X1325,North America,20090075
X1326,North America,20090075
X1327,Africa,29370907
X1328,Africa,29370907
X1329,Africa,29370907
X1330,Africa,29370907
X1331,Africa,29370907
X1332,Africa,29370907
X1333,Africa,29370907
X1334,Africa,29370907
X1335,Africa,29370907
X1336,Africa,29370907
X1337,Africa,29370907
X1338,Africa,29370907
X1339,Africa,29370907
X1340,Africa,29370907
X1341,Africa,29370907
X1342,Africa,29370907
X1343,Africa,29370907
X1344,Africa,29370907
X1345,Africa,29370907
X1346,Africa,29370907
X1347,Africa,29370907
X1348,Africa,29370907
X1349,Africa,29370907
X1350,Africa,29370907
X1351,Africa,29370907
X1352,Africa,29370907
X1353,Africa,29370907
X1354,Africa,29370907
X1355,Eurasia,50439819
X1356,Eurasia,50439819
X1357,Eurasia,50439819
X1358,Eurasia,50439819
X1359,Eurasia,50439819
X1360,Eurasia,50439819
X1361,Eurasia,50439819
X1362,Eurasia,50439819
X1363,Eurasia,50439819
X1364,Eurasia,50439819
X1365,Eurasia,50439819
X1366,Eurasia,50439819
X1367,Eurasia,50439819
X1368,Eurasia,50439819
X1369,Eurasia,50439819
X1370,Luzon,104240
X1371,North America,20090075
X1372,North America,20090075
X1373,North America,20090075
X1374,North America,20090075
X1375,North America,20090075
X1376,North America,20090075
X1377,North America,20090075
X1378,Africa,29370907
X1379,Africa,29370907
X1380,Africa,29370907
X1381,Africa,29370907
X1382,Africa,29370907
X1383,Africa,29370907
X1384,Africa,29370907
X1385,Africa,29370907
X1386,Africa,29370907
X1387,Africa,29370907
X1388,Africa,29370907
X1389,Africa,29370907
X1390,Africa,29370907
X1391,Africa,29370907
X1392,Africa,29370907
X1393,Africa,29370907
X1394,Africa,29370907
X1395,Africa,29370907
X1396,Africa,29370907
X1397,Africa,29370907
X1398,Africa,29370907
X1399,Africa,29370907
X1400,Africa,29370907
X1401,Africa,29370907
X1402,Africa,29370907
X1403,Africa,29370907
X1404,Africa,29370907
X1405,Eurasia,50439819
X1406,Eurasia,50439819
X1407,Eurasia,50439819
X1408,Eurasia,50439819
X1409,Eurasia,50439819
X1410,Eurasia,50439819
X1411,Eurasia,50439819
X1412,Eurasia,50439819
X1413,Eurasia,50439819
X1414,Eurasia,50439819
X1415,Eurasia,50439819
X1416,Eurasia,50439819
X1417,Eurasia,50439819
X1418,Eurasia,50439819
X1419,Eurasia,50439819
X1420,Eurasia,50439819
X1421,Eurasia,50439819
X1422,Eurasia,50439819
X1423,Luzon,104240
X1424,North America,20090075
X1425,North America,20090075
X1426,North America,20090075
X1427,North America,20090075
X1428,North America,20090075
X1429,Hispaniola,73972
X1430,Africa,29370907
X1431,Africa,29370907
X1432,Africa,29370907
X1433,Africa,29370907
X1434,Africa,29370907
X1435,Africa,29370907
X1436,Africa,29370907
X1437,Africa,29370907
X1438,Africa,29370907
X1439,Africa,29370907
X1440,Africa,29370907
X1441,Africa,29370907
X1442,Africa,29370907
X1443,Africa,29370907
X1444,Africa,29370907
X1445,Africa,29370907
X1446,Africa,29370907
X1447,Africa,29370907
X1448,Africa,29370907
X1449,Africa,29370907
X1450,Africa,29370907
X1451,Africa,29370907
X1452,Africa,29370907
X1453,Africa,29370907
X1454,Africa,29370907
X1455,Africa,29370907
X1456,Africa,29370907
X1457,Eurasia,50439819
X1458,Eurasia,50439819
X1459,Eurasia,50439819
X1460,Eurasia,50439819
X1461,Eurasia,50439819
X1462,Eurasia,50439819
X1463,Eurasia,50439819
X1464,Eurasia,50439819
X1465,Eurasia,50439819
X1466,Eurasia,50439819
X1467,Eurasia,50439819
X1468,Eurasia,50439819
X1469,Eurasia,50439819
X1470,Eurasia,50439819
X1471,Eurasia,50439819
X1472,Eurasia,50439819
X1473,Eurasia,50439819
X1474,Eurasia,50439819
X1475,Eurasia,50439819
X1476,Eurasia,50439819
X1477,Eurasia,50439819
X1478,Eurasia,50439819
X1479,North America,20090075
X1480,North America,20090075
X1481,North America,20090075
X1482,North America,20090075
X1483,North America,20090075
X1484,Cuba,104953
X1485,Africa,29370907
X1486,Africa,29370907
X1487,Africa,29370907
X1488,Africa,29370907
X1489,Africa,29370907
X1490,Africa,29370907
X1491,Africa,29370907
X1492,Africa,29370907
X1493,Africa,29370907
X1494,Africa,29370907
X1495,Africa,29370907
X1496,Africa,29370907
X1497,Africa,29370907
X1498,Africa,29370907
X1499,Africa,29370907
X1500,Africa,29370907
X1501,Africa,29370907
X1502,Africa,29370907
X1503,Africa,29370907
X1504,Africa,29370907
X1505,Africa,29370907
X1506,Africa,29370907
X1507,Africa,29370907
X1508,Africa,29370907
X1509,Africa,29370907
X1510,Africa,29370907
X1511,Africa,29370907
X1512,Eurasia,50439819
X1513,Eurasia,50439819
X1514,Eurasia,50439819
X1515,Eurasia,50439819
X1516,Eurasia,50439819
X1517,Eurasia,50439819
X1518,Eurasia,50439819
X1519,Eurasia,50439819
X1520,Eurasia,50439819
X1521,Eurasia,50439819
X1522,Eurasia,50439819
X1523,Eurasia,50439819
X1524,Eurasia,50439819
X1525,Eurasia,50439819
X1526,Eurasia,50439819
X1527,Eurasia,50439819
X1528,Eurasia,50439819
X1529,Eurasia,50439819
X1530,Eurasia,50439819
X1531,Eurasia,50439819
X1532,Eurasia,50439819
X1533,Eurasia,50439819
X1534,Eurasia,50439819
X1535,Eurasia,50439819
X1536,Eurasia,50439819
X1537,North America,20090075
X1538,North America,20090075
X1539,North America,20090075
X1540,North America,20090075
X1541,Cuba,104953
X1542,Africa,29370907
X1543,Africa,29370907
X1544,Africa,29370907
X1545,Africa,29370907
X1546,Africa,29370907
X1547,Africa,29370907
X1548,Africa,29370907
X1549,Africa,29370907
X1550,Africa,29370907
X1551,Africa,29370907
X1552,Africa,29370907
X1553,Africa,29370907
X1554,Africa,29370907
X1555,Africa,29370907
X1556,Africa,29370907
X1557,Africa,29370907
X1558,Africa,29370907
X1559,Africa,29370907
X1560,Africa,29370907
X1561,Africa,29370907
X1562,Africa,29370907
X1563,Africa,29370907
X1564,Africa,29370907
X1565,Africa,29370907
X1566,Africa,29370907
X1567,Africa,29370907
X1568,Eurasia,50439819
X1569,Eurasia,50439819
X1570,Eurasia,50439819
X1571,Eurasia,50439819
X1572,Eurasia,50439819
X1573,Eurasia,50439819
X1574,Eurasia,50439819
X1575,Eurasia,50439819
X1576,Eurasia,50439819
X1577,Eurasia,50439819
X1578,Eurasia,50439819
X1579,Eurasia,50439819
X1580,Eurasia,50439819
X1581,Eurasia,50439819
X1582,Eurasia,50439819
X1583,Eurasia,50439819
X1584,Eurasia,50439819
X1585,Eurasia,50439819
X1586,Eurasia,50439819
X1587,Eurasia,50439819
X1588,Eurasia,50439819
X1589,Eurasia,50439819
X1590,Eurasia,50439819
X1591,Eurasia,50439819
X1592,Eurasia,50439819
X1593,Eurasia,50439819
X1594,Eurasia,50439819
X1595,Eurasia,50439819
X1596,Eurasia,50439819
X1597,Eurasia,50439819
X1598,Eurasia,50439819
X1599,Eurasia,50439819
X1600,Eurasia,50439819
X1601,North America,20090075
X1602,North America,20090075
X1603,North America,20090075
X1604,North America,20090075
X1605,North America,20090075
X1606,Africa,29370907
X1607,Africa,29370907
X1608,Africa,29370907
X1609,Africa,29370907
X1610,Africa,29370907
X1611,Africa,29370907
X1612,Africa,29370907
X1613,Africa,29370907
X1614,Africa,29370907
X1615,Africa,29370907
X1616,Africa,29370907
X1617,Africa,29370907
X1618,Africa,29370907
X1619,Africa,29370907
X1620,Africa,29370907
X1621,Africa,29370907
X1622,Africa,29370907
X1623,Africa,29370907
X1624,Africa,29370907
X1625,Africa,29370907
X1626,Africa,29370907
X1627,Africa,29370907
X1628,Africa,29370907
X1629,Africa,29370907
X1630,Africa,29370907
X1631,Africa,29370907
X1632,Eurasia,50439819
X1633,Eurasia,50439819
X1634,Eurasia,50439819
X1635,Eurasia,50439819
X1636,Eurasia,50439819
X1637,Eurasia,50439819
X1638,Eurasia,50439819
X1639,Eurasia,50439819
X1640,Eurasia,50439819
X1641,Eurasia,50439819
X1642,Eurasia,50439819
X1643,Eurasia,50439819
X1644,Eurasia,50439819
X1645,Eurasia,50439819
X1646,Eurasia,50439819
X1647,Eurasia,50439819
X1648,Eurasia,50439819
X1649,Eurasia,50439819
X1650,Eurasia,50439819
X1651,Eurasia,50439819
X1652,Eurasia,50439819
X1653,Eurasia,50439819
X1654,Eurasia,50439819
X1655,Eurasia,50439819
X1656,Eurasia,50439819
X1657,Eurasia,50439819
X1658,Eurasia,50439819
X1659,Eurasia,50439819
X1660,Eurasia,50439819
X1661,Eurasia,50439819
X1662,Eurasia,50439819
X1663,Eurasia,50439819
X1664,Eurasia,50439819
X1665,Eurasia,50439819
X1666,Taiwan,35773
X1667,North America,20090075
X1668,North America,20090075
X1669,North America,20090075
X1670,North America,20090075
X1671,North America,20090075
X1672,North America,20090075
X1673,North America,20090075
X1674,Africa,29370907
X1675,Africa,29370907
X1676,Africa,29370907
X1677,Africa,29370907
X1678,Africa,29370907
X1679,Africa,29370907
X1680,Africa,29370907
X1681,Africa,29370907
X1682,Africa,29370907
X1683,Africa,29370907
X1684,Africa,29370907
X1685,Africa,29370907
X1686,Africa,29370907
X1687,Africa,29370907
X1688,Africa,29370907
X1689,Africa,29370907
X1690,Africa,29370907
X1691,Africa,29370907
X1692,Africa,29370907
X1693,Africa,29370907
X1694,Africa,29370907
X1695,Africa,29370907
X1696,Africa,29370907
X1697,Africa,29370907
X1698,Eurasia,50439819
X1699,Eurasia,50439819
X1700,Eurasia,50439819
X1701,Eurasia,50439819
X1702,Eurasia,50439819
X1703,Eurasia,50439819
X1704,Eurasia,50439819
X1705,Eurasia,50439819
X1706,Eurasia,50439819
X1707,Eurasia,50439819
X1708,Eurasia,50439819
X1709,Eurasia,50439819
X1710,Eurasia,50439819
X1711,Eurasia,50439819
X1712,Eurasia,50439819
X1713,Eurasia,50439819
X1714,Eurasia,50439819
X1715,Eurasia,50439819
X1716,Eurasia,50439819
X1717,Eurasia,50439819
X1718,Eurasia,50439819
X1719,Eurasia,50439819
X1720,Eurasia,50439819
X1721,Eurasia,50439819
X1722,Eurasia,50439819
X1723,Eurasia,50439819
X1724,Eurasia,50439819
X1725,Eurasia,50439819
X1726,Eurasia,50439819
X1727,Eurasia,50439819
X1728,Eurasia,50439819
X1729,Eurasia,50439819
X1730,Eurasia,50439819
X1731,Eurasia,50439819
X1732,Eurasia,50439819
X1733,Eurasia,50439819
X1734,Eurasia,50439819
X1735,Eurasia,50439819
X1736,North America,20090075
X1737,North America,20090075
X1738,North America,20090075
X1739,North America,20090075
X1740,North America,20090075
X1741,North America,20090075
X1742,North America,20090075
X1743,North America,20090075
X1744,Africa,29370907
X1745,Africa,29370907
X1746,Africa,29370907
X1747,Africa,29370907
X1748,Africa,29370907
X1749,Africa,29370907
X1750,Africa,29370907
X1751,Africa,29370907
X1752,Africa,29370907
X1753,Africa,29370907
X1754,Africa,29370907
X1755,Africa,29370907
X1756,Africa,29370907
X1757,Africa,29370907
X1758,Africa,29370907
X1759,Africa,29370907
X1760,Africa,29370907
X1761,Africa,29370907
X1762,Africa,29370907
X1763,Africa,29370907
X1764,Africa,29370907
X1765,Africa,29370907
X1766,Africa,29370907
X1767,Eurasia,50439819
X1768,Eurasia,50439819
X1769,Eurasia,50439819
X1770,Eurasia,50439819
X1771,Eurasia,50439819
X1772,Eurasia,50439819
X1773,Eurasia,50439819
X1774,Eurasia,50439819
X1775,Eurasia,50439819
X1776,Eurasia,50439819
X1777,Eurasia,50439819
X1778,Eurasia,50439819
X1779,Eurasia,50439819
X1780,Eurasia,50439819
X1781,Eurasia,50439819
X1782,Eurasia,50439819
X1783,Eurasia,50439819
X1784,Eurasia,50439819
X1785,Eurasia,50439819
X1786,Eurasia,50439819
X1787,Eurasia,50439819
X1788,Eurasia,50439819
X1789,Eurasia,50439819
X1790,Eurasia,50439819
X1791,Eurasia,50439819
X1792,Eurasia,50439819
X1793,Eurasia,50439819
X1794,Eurasia,50439819
X1795,Eurasia,50439819
X1796,Eurasia,50439819
X1797,Eurasia,50439819
X1798,Eurasia,50439819
X1799,Eurasia,50439819
X1800,Eurasia,50439819
X1801,Eurasia,50439819
X1802,Eurasia,50439819
X1803,Eurasia,50439819
X1804,Eurasia,50439819
X1805,Eurasia,50439819
X1806,Eurasia,50439819
X1807,Eurasia,50439819
X1808,North America,20090075
X1809,North America,20090075
X1810,North America,20090075
X1811,North America,20090075
X1812,North America,20090075
X1813,North America,20090075
X1814,North America,20090075
X1815,North America,20090075
X1816,North America,20090075
X1817,North America,20090075
X1818,Africa,29370907
X1819,Africa,29370907
X1820,Africa,29370907
X1821,Africa,29370907
X1822,Africa,29370907
X1823,Africa,29370907
X1824,Africa,29370907
X1825,Africa,29370907
X1826,Africa,29370907
X1827,Africa,29370907
X1828,Africa,29370907
X1829,Africa,29370907
X1830,Africa,29370907
X1831,Africa,29370907
X1832,Africa,29370907
X1833,Africa,29370907
X1834,Africa,29370907
X1835,Africa,29370907
X1836,Africa,29370907
X1837,Africa,29370907
X1838,Africa,29370907
X1839,Eurasia,50439819
X1840,Eurasia,50439819
X1841,Eurasia,50439819
X1842,Eurasia,50439819
X1843,Eurasia,50439819
X1844,Eurasia,50439819
X1845,Eurasia,50439819
X1846,Eurasia,50439819
X1847,Eurasia,50439819
X1848,Eurasia,50439819
X1849,Eurasia,50439819
X1850,Eurasia,50439819
X1851,Eurasia,50439819
X1852,Eurasia,50439819
X1853,Eurasia,50439819
X1854,Eurasia,50439819
X1855,Eurasia,50439819
X1856,Eurasia,50439819
X1857,Eurasia,50439819
X1858,Eurasia,50439819
X1859,Eurasia,50439819
X1860,Eurasia,50439819
X1861,Eurasia,50439819
X1862,Eurasia,50439819
X1863,Eurasia,50439819
X1864,Eurasia,50439819
X1865,Eurasia,50439819
X1866,Eurasia,50439819
X1867,Eurasia,50439819
X1868,Eurasia,50439819
X1869,Eurasia,50439819
X1870,Eurasia,50439819
X1871,Eurasia,50439819
X1872,Eurasia,50439819
X1873,Eurasia,50439819
X1874,Eurasia,50439819
X1875,Eurasia,50439819
X1876,Eurasia,50439819
X1877,Eurasia,50439819
X1878,Eurasia,50439819
X1879,Eurasia,50439819
X1880,Eurasia,50439819
X1881,Eurasia,50439819
X1882,Eurasia,50439819
X1883,North America,20090075
X1884,North America,20090075
X1885,North America,20090075
X1886,North America,20090075
X1887,North America,20090075
X1888,North America,20090075
X1889,North America,20090075
X1890,North America,20090075
X1891,North America,20090075
X1892,North America,20090075
X1893,North America,20090075
X1894,North America,20090075
X1895,North America,20090075
X1896,North America,20090075
X1897,North America,20090075
X1898,North America,20090075
X1899,North America,20090075
X1900,Africa,29370907
X1901,Africa,29370907
X1902,Africa,29370907
X1903,Africa,29370907
X1904,Africa,29370907
X1905,Africa,29370907
X1906,Africa,29370907
X1907,Africa,29370907
X1908,Africa,29370907
X1909,Africa,29370907
X1910,Africa,29370907
X1911,Africa,29370907
X1912,Africa,29370907
X1913,Africa,29370907
X1914,Africa,29370907
X1915,Africa,29370907
X1916,Africa,29370907
X1917,Africa,29370907
X1918,Africa,29370907
X1919,Eurasia,50439819
X1920,Eurasia,50439819
X1921,Eurasia,50439819
X1922,Eurasia,50439819
X1923,Eurasia,50439819
X1924,Eurasia,50439819
X1925,Eurasia,50439819
X1926,Eurasia,50439819
X1927,Eurasia,50439819
X1928,Eurasia,50439819
X1929,Eurasia,50439819
X1930,Eurasia,50439819
X1931,Eurasia,50439819
X1932,Eurasia,50439819
X1933,Eurasia,50439819
X1934,Eurasia,50439819
X1935,Eurasia,50439819
X1936,Eurasia,50439819
X1937,Eurasia,50439819
X1938,Eurasia,50439819
X1939,Eurasia,50439819
X1940,Eurasia,50439819
X1941,Eurasia,50439819
X1942,Eurasia,50439819
X1943,Eurasia,50439819
X1944,Eurasia,50439819
X1945,Eurasia,50439819
X1946,Eurasia,50439819
X1947,Eurasia,50439819
X1948,Eurasia,50439819
X1949,Eurasia,50439819
X1950,Eurasia,50439819
X1951,Eurasia,50439819
X1952,Eurasia,50439819
X1953,Eurasia,50439819
X1954,Eurasia,50439819
X1955,Eurasia,50439819
X1956,Eurasia,50439819
X1957,Eurasia,50439819
X1958,Eurasia,50439819
X1959,Eurasia,50439819
X1960,Eurasia,50439819
X1961,Eurasia,50439819
X1962,Eurasia,50439819
X1963,Eurasia,50439819
X1964,North America,20090075
X1965,North America,20090075
X1966,North America,20090075
X1967,North America,20090075
X1968,North America,20090075
X1969,North America,20090075
X1970,North America,20090075
X1971,North America,20090075
X1972,North America,20090075
X1973,North America,20090075
X1974,North America,20090075
X1975,North America,20090075
X1976,North America,20090075
X1977,North America,20090075
X1978,North America,20090075
X1979,North America,20090075
X1980,North America,20090075
X1981,North America,20090075
X1982,North America,20090075
X1983,Africa,29370907
X1984,Africa,29370907
X1985,Africa,29370907
X1986,Africa,29370907
X1987,Africa,29370907
X1988,Africa,29370907
X1989,Africa,29370907
X1990,Africa,29370907
X1991,Africa,29370907
X1992,Africa,29370907
X1993,Eurasia,50439819
X1994,Eurasia,50439819
X1995,Eurasia,50439819
X1996,Eurasia,50439819
X1997,Eurasia,50439819
X1998,Eurasia,50439819
X1999,Eurasia,50439819
X2000,Eurasia,50439819
X2001,Eurasia,50439819
X2002,Eurasia,50439819
X2003,Eurasia,50439819
X2004,Eurasia,50439819
X2005,Eurasia,50439819
X2006,Eurasia,50439819
X2007,Eurasia,50439819
X2008,Eurasia,50439819
X2009,Eurasia,50439819
X2010,Eurasia,50439819
X2011,Eurasia,50439819
X2012,Eurasia,50439819
X2013,Eurasia,50439819
X2014,Eurasia,50439819
X2015,Eurasia,50439819
X2016,Eurasia,50439819
X2017,Eurasia,50439819
X2018,Eurasia,50439819
X2019,Eurasia,50439819
X2020,Eurasia,50439819
X2021,Eurasia,50439819
X2022,Eurasia,50439819
X2023,Eurasia,50439819
X2024,Eurasia,50439819
X2025,Eurasia,50439819
X2026,Eurasia,50439819
X2027,Eurasia,50439819
X2028,Eurasia,50439819
X2029,Eurasia,50439819
X2030,Eurasia,50439819
X2031,Eurasia,50439819
X2032,Eurasia,50439819
X2033,Eurasia,50439819
X2034,Eurasia,50439819
X2035,Kyushu,36734
X2036,North America,20090075
X2037,North America,20090075
X2038,North America,20090075
X2039,North America,20090075
X2040,North America,20090075
X2041,North America,20090075
X2042,North America,20090075
X2043,North America,20090075
X2044,North America,20090075
X2045,North America,20090075
X2046,North America,20090075
X2047,North America,20090075
X2048,North America,20090075
X2049,North America,20090075
X2050,North America,20090075
X2051,North America,20090075
X2052,North America,20090075
X2053,North America,20090075
X2054,North America,20090075
X2055,North America,20090075
X2056,North America,20090075
X2057,Africa,29370907
X2058,Africa,29370907
X2059,Africa,29370907
X2060,Africa,29370907
X2061,Africa,29370907
X2062,Africa,29370907
X2063,Africa,29370907
X2064,Africa,29370907
X2065,Eurasia,50439819
X2066,Eurasia,50439819
X2067,Eurasia,50439819
X2068,Eurasia,50439819
X2069,Eurasia,50439819
X2070,Eurasia,50439819
X2071,Eurasia,50439819
X2072,Eurasia,50439819
X2073,Eurasia,50439819
X2074,Eurasia,50439819
X2075,Eurasia,50439819
X2076,Eurasia,50439819
X2077,Eurasia,50439819
X2078,Eurasia,50439819
X2079,Eurasia,50439819
X2080,Eurasia,50439819
X2081,Eurasia,50439819
X2082,Eurasia,50439819
X2083,Eurasia,50439819
X2084,Eurasia,50439819
X2085,Eurasia,50439819
X2086,Eurasia,50439819
X2087,Eurasia,50439819
X2088,Eurasia,50439819
X2089,Eurasia,50439819
X2090,Eurasia,50439819
X2091,Eurasia,50439819
X2092,Eurasia,50439819
X2093,Eurasia,50439819
X2094,Eurasia,50439819
X2095,Eurasia,50439819
X2096,Eurasia,50439819
X2097,Eurasia,50439819
X2098,Eurasia,50439819
X2099,Eurasia,50439819
X2100,Eurasia,50439819
X2101,Eurasia,50439819
X2102,Eurasia,50439819
X2103,Eurasia,50439819
X2104,Eurasia,50439819
X2105,Eurasia,50439819
X2106,Eurasia,50439819
X2107,Honshu,227852
X2108,Honshu,227852
X2109,Honshu,227852
X2110,North America,20090075
X2111,North America,20090075
X2112,North America,20090075
X2113,North America,20090075
X2114,North America,20090075
X2115,North America,20090075
X2116,North America,20090075
X2117,North America,20090075
X2118,North America,20090075
X2119,North America,20090075
X2120,North America,20090075
X2121,North America,20090075
X2122,North America,20090075
X2123,North America,20090075
X2124,North America,20090075
X2125,North America,20090075
X2126,North America,20090075
X2127,North America,20090075
X2128,North America,20090075
X2129,North America,20090075
X2130,North America,20090075
X2131,North America,20090075
X2132,North America,20090075
X2133,Eurasia,50439819
X2134,Africa,29370907
X2135,Africa,29370907
X2136,Africa,29370907
X2137,Africa,29370907
X2138,Eurasia,50439819
X2139,Eurasia,50439819
X2140,Eurasia,50439819
X2141,Eurasia,50439819
X2142,Eurasia,50439819
X2143,Eurasia,50439819
X2144,Eurasia,50439819
X2145,Eurasia,50439819
X2146,Eurasia,50439819
X2147,Eurasia,50439819
X2148,Eurasia,50439819
X2149,Eurasia,50439819
X2150,Eurasia,50439819
X2151,Eurasia,50439819
X2152,Eurasia,50439819
X2153,Eurasia,50439819
X2154,Eurasia,50439819
X2155,Eurasia,50439819
X2156,Eurasia,50439819
X2157,Eurasia,50439819
X2158,Eurasia,50439819
X2159,Eurasia,50439819
X2160,Eurasia,50439819
X2161,Eurasia,50439819
X2162,Eurasia,50439819
X2163,Eurasia,50439819
X2164,Eurasia,50439819
X2165,Eurasia,50439819
X2166,Eurasia,50439819
X2167,Eurasia,50439819
X2168,Eurasia,50439819
X2169,Eurasia,50439819
X2170,Eurasia,50439819
X2171,Eurasia,50439819
X2172,Eurasia,50439819
X2173,Eurasia,50439819
X2174,Eurasia,50439819
X2175,Eurasia,50439819
X2176,Eurasia,50439819
X2177,Eurasia,50439819
X2178,Eurasia,50439819
X2179,Eurasia,50439819
X2180,Eurasia,50439819
X2181,Eurasia,50439819
X2182,Eurasia,50439819
X2183,Eurasia,50439819
X2184,Eurasia,50439819
X2185,Honshu,227852
X2186,Honshu,227852
X2187,North America,20090075
X2188,North America,20090075
X2189,North America,20090075
X2190,North America,20090075
X2191,North America,20090075
X2192,North America,20090075
X2193,North America,20090075
X2194,North America,20090075
X2195,North America,20090075
X2196,North America,20090075
X2197,North America,20090075
X2198,North America,20090075
X2199,North America,20090075
X2200,North America,20090075
X2201,North America,20090075
X2202,North America,20090075
X2203,North America,20090075
X2204,North America,20090075
X2205,North America,20090075
X2206,North America,20090075
X2207,North America,20090075
X2208,North America,20090075
X2209,North America,20090075
X2210,North America,20090075
X2211,Eurasia,50439819
X2212,Eurasia,50439819
X2213,Eurasia,50439819
X2214,Eurasia,50439819
X2215,Eurasia,50439819
X2216,Eurasia,50439819
X2217,Eurasia,50439819
X2218,Eurasia,50439819
X2219,Eurasia,50439819
X2220,Eurasia,50439819
X2221,Eurasia,50439819
X2222,Eurasia,50439819
X2223,Eurasia,50439819
X2224,Eurasia,50439819
X2225,Eurasia,50439819
X2226,Eurasia,50439819
X2227,Eurasia,50439819
X2228,Eurasia,50439819
X2229,Eurasia,50439819
X2230,Eurasia,50439819
X2231,Eurasia,50439819
X2232,Eurasia,50439819
X2233,Eurasia,50439819
X2234,Eurasia,50439819
X2235,Eurasia,50439819
X2236,Eurasia,50439819
X2237,Eurasia,50439819
X2238,Eurasia,50439819
X2239,Eurasia,50439819
X2240,Eurasia,50439819
X2241,Eurasia,50439819
X2242,Eurasia,50439819
X2243,Eurasia,50439819
X2244,Eurasia,50439819
X2245,Eurasia,50439819
X2246,Eurasia,50439819
X2247,Eurasia,50439819
X2248,Eurasia,50439819
X2249,Eurasia,50439819
X2250,Eurasia,50439819
X2251,Eurasia,50439819
X2252,Eurasia,50439819
X2253,Eurasia,50439819
X2254,Eurasia,50439819
X2255,Eurasia,50439819
X2256,Eurasia,50439819
X2257,Eurasia,50439819
X2258,Eurasia,50439819
X2259,Eurasia,50439819
X2260,Eurasia,50439819
X2261,Eurasia,50439819
X2262,Honshu,227852
X2263,North America,20090075
X2264,North America,20090075
X2265,North America,20090075
X2266,North America,20090075
X2267,North America,20090075
X2268,North America,20090075
X2269,North America,20090075
X2270,North America,20090075
X2271,North America,20090075
X2272,North America,20090075
X2273,North America,20090075
X2274,North America,20090075
X2275,North America,20090075
X2276,North America,20090075
X2277,North America,20090075
X2278,North America,20090075
X2279,North America,20090075
X2280,North America,20090075
X2281,North America,20090075
X2282,North America,20090075
X2283,North America,20090075
X2284,North America,20090075
X2285,North America,20090075
X2286,North America,20090075
X2287,North America,20090075
X2288,Eurasia,50439819
X2289,Eurasia,50439819
X2290,Eurasia,50439819
X2291,Eurasia,50439819
X2292,Sardinia,23799
X2293,Eurasia,50439819
X2294,Eurasia,50439819
X2295,Eurasia,50439819
X2296,Eurasia,50439819
X2297,Eurasia,50439819
X2298,Eurasia,50439819
X2299,Eurasia,50439819
X2300,Eurasia,50439819
X2301,Eurasia,50439819
X2302,Eurasia,50439819
X2303,Eurasia,50439819
X2304,Eurasia,50439819
X2305,Eurasia,50439819
X2306,Eurasia,50439819
X2307,Eurasia,50439819
X2308,Eurasia,50439819
X2309,Eurasia,50439819
X2310,Eurasia,50439819
X2311,Eurasia,50439819
X2312,Eurasia,50439819
X2313,Eurasia,50439819
X2314,Eurasia,50439819
X2315,Eurasia,50439819
X2316,Eurasia,50439819
X2317,Eurasia,50439819
X2318,Eurasia,50439819
X2319,Eurasia,50439819
X2320,Eurasia,50439819
X2321,Eurasia,50439819
X2322,Eurasia,50439819
X2323,Eurasia,50439819
X2324,Eurasia,50439819
X2325,Eurasia,50439819
X2326,Eurasia,50439819
X2327,Eurasia,50439819
X2328,Eurasia,50439819
X2329,Eurasia,50439819
X2330,Eurasia,50439819
X2331,Eurasia,50439819
X2332,Eurasia,50439819
X2333,Eurasia,50439819
X2334,Eurasia,50439819
X2335,Eurasia,50439819
X2336,Eurasia,50439819
X2337,Eurasia,50439819
X2338,Eurasia,50439819
X2339,Eurasia,50439819
X2340,Eurasia,50439819
X2341,Eurasia,50439819
X2342,Eurasia,50439819
X2343,Eurasia,50439819
X2344,Eurasia,50439819
X2345,Honshu,227852
X2346,North America,20090075
X2347,North America,20090075
X2348,North America,20090075
X2349,North America,20090075
X2350,North America,20090075
X2351,North America,20090075
X2352,North America,20090075
X2353,North America,20090075
X2354,North America,20090075
X2355,North America,20090075
X2356,North America,20090075
X2357,North America,20090075
X2358,North America,20090075
X2359,North America,20090075
X2360,North America,20090075
X2361,North America,20090075
X2362,North America,20090075
X2363,North America,20090075
X2364,North America,20090075
X2365,North America,20090075
X2366,North America,20090075
X2367,North America,20090075
X2368,North America,20090075
X2369,North America,20090075
X2370,North America,20090075
X2371,North America,20090075
X2372,North America,20090075
X2373,Eurasia,50439819
X2374,Eurasia,50439819
X2375,Eurasia,50439819
X2376,Eurasia,50439819
X2377,Eurasia,50439819
X2378,Eurasia,50439819
X2379,Eurasia,50439819
X2380,Eurasia,50439819
X2381,Eurasia,50439819
X2382,Eurasia,50439819
X2383,Eurasia,50439819
X2384,Eurasia,50439819
X2385,Eurasia,50439819
X2386,Eurasia,50439819
X2387,Eurasia,50439819
X2388,Eurasia,50439819
X2389,Eurasia,50439819
X2390,Eurasia,50439819
X2391,Eurasia,50439819
X2392,Eurasia,50439819
X2393,Eurasia,50439819
X2394,Eurasia,50439819
X2395,Eurasia,50439819
X2396,Eurasia,50439819
X2397,Eurasia,50439819
X2398,Eurasia,50439819
X2399,Eurasia,50439819
X2400,Eurasia,50439819
X2401,Eurasia,50439819
X2402,Eurasia,50439819
X2403,Eurasia,50439819
X2404,Eurasia,50439819
X2405,Eurasia,50439819
X2406,Eurasia,50439819
X2407,Eurasia,50439819
X2408,Eurasia,50439819
X2409,Eurasia,50439819
X2410,Eurasia,50439819
X2411,Eurasia,50439819
X2412,Eurasia,50439819
X2413,Eurasia,50439819
X2414,Eurasia,50439819
X2415,Eurasia,50439819
X2416,Eurasia,50439819
X2417,Eurasia,50439819
X2418,Eurasia,50439819
X2419,Eurasia,50439819
X2420,Eurasia,50439819
X2421,Eurasia,50439819
X2422,Eurasia,50439819
X2423,Eurasia,50439819
X2424,Eurasia,50439819
X2425,Eurasia,50439819
X2426,Eurasia,50439819
X2427,Hokkaido,77628
X2428,North America,20090075
X2429,North America,20090075
X2430,North America,20090075
X2431,North America,20090075
X2432,North America,20090075
X2433,North America,20090075
X2434,North America,20090075
X2435,North America,20090075
X2436,North America,20090075
X2437,North America,20090075
X2438,North America,20090075
X2439,North America,20090075
X2440,North America,20090075
X2441,North America,20090075
X2442,North America,20090075
X2443,North America,20090075
X2444,North America,20090075
X2445,North America,20090075
X2446,North America,20090075
X2447,North America,20090075
X2448,North America,20090075
X2449,North America,20090075
X2450,North America,20090075
X2451,North America,20090075
X2452,North America,20090075
X2453,North America,20090075
X2454,North America,20090075
X2455,North America,20090075
X2456,North America,20090075
X2457,Eurasia,50439819
X2458,Eurasia,50439819
X2459,Eurasia,50439819
X2460,Eurasia,50439819
X2461,Eurasia,50439819
X2462,Eurasia,50439819
X2463,Eurasia,50439819
X2464,Eurasia,50439819
X2465,Eurasia,50439819
X2466,Eurasia,50439819
X2467,Eurasia,50439819
X2468,Eurasia,50439819
X2469,Eurasia,50439819
X2470,Eurasia,50439819
X2471,Eurasia,50439819
X2472,Eurasia,50439819
X2473,Eurasia,50439819
X2474,Eurasia,50439819
X2475,Eurasia,50439819
X2476,Eurasia,50439819
X2477,Eurasia,50439819
X2478,Eurasia,50439819
X2479,Eurasia,50439819
X2480,Eurasia,50439819
X2481,Eurasia,50439819
X2482,Eurasia,50439819
X2483,Eurasia,50439819
X2484,Eurasia,50439819
X2485,Eurasia,50439819
X2486,Eurasia,50439819
X2487,Eurasia,50439819
X2488,Eurasia,50439819
X2489,Eurasia,50439819
X2490,Eurasia,50439819
X2491,Eurasia,50439819
X2492,Eurasia,50439819
X2493,Eurasia,50439819
X2494,Eurasia,50439819
X2495,Eurasia,50439819
X2496,Eurasia,50439819
X2497,Eurasia,50439819
X2498,Eurasia,50439819
X2499,Eurasia,50439819
X2500,Eurasia,50439819
X2501,Eurasia,50439819
X2502,Eurasia,50439819
X2503,Eurasia,50439819
X2504,Eurasia,50439819
X2505,Eurasia,50439819
X2506,Eurasia,50439819
X2507,Eurasia,50439819
X2508,Eurasia,50439819
X2509,Eurasia,50439819
X2510,Eurasia,50439819
X2511,Eurasia,50439819
X2512,Eurasia,50439819
X2513,Eurasia,50439819
X2514,Eurasia,50439819
X2515,Eurasia,50439819
X2516,Eurasia,50439819
X2517,Hokkaido,77628
X2518,North America,20090075
X2519,North America,20090075
X2520,North America,20090075
X2521,North America,20090075
X2522,North America,20090075
X2523,North America,20090075
X2524,North America,20090075
X2525,North America,20090075
X2526,North America,20090075
X2527,North America,20090075
X2528,North America,20090075
X2529,North America,20090075
X2530,North America,20090075
X2531,North America,20090075
X2532,North America,20090075
X2533,North America,20090075
X2534,North America,20090075
X2535,North America,20090075
X2536,North America,20090075
X2537,North America,20090075
X2538,North America,20090075
X2539,North America,20090075
X2540,North America,20090075
X2541,North America,20090075
X2542,North America,20090075
X2543,North America,20090075
X2544,North America,20090075
X2545,North America,20090075
X2546,North America,20090075
X2547,North America,20090075
X2548,Eurasia,50439819
X2549,Eurasia,50439819
X2550,Eurasia,50439819
X2551,Eurasia,50439819
X2552,Eurasia,50439819
X2553,Eurasia,50439819
X2554,Eurasia,50439819
X2555,Eurasia,50439819
X2556,Eurasia,50439819
X2557,Eurasia,50439819
X2558,Eurasia,50439819
X2559,Eurasia,50439819
X2560,Eurasia,50439819
X2561,Eurasia,50439819
X2562,Eurasia,50439819
X2563,Eurasia,50439819
X2564,Eurasia,50439819
X2565,Eurasia,50439819
X2566,Eurasia,50439819
X2567,Eurasia,50439819
X2568,Eurasia,50439819
X2569,Eurasia,50439819
X2570,Eurasia,50439819
X2571,Eurasia,50439819
X2572,Eurasia,50439819
X2573,Eurasia,50439819
X2574,Eurasia,50439819
X2575,Eurasia,50439819
X2576,Eurasia,50439819
X2577,Eurasia,50439819
X2578,Eurasia,50439819
X2579,Eurasia,50439819
X2580,Eurasia,50439819
X2581,Eurasia,50439819
X2582,Eurasia,50439819
X2583,Eurasia,50439819
X2584,Eurasia,50439819
X2585,Eurasia,50439819
X2586,Eurasia,50439819
X2587,Eurasia,50439819
X2588,Eurasia,50439819
X2589,Eurasia,50439819
X2590,Eurasia,50439819
X2591,Eurasia,50439819
X2592,Eurasia,50439819
X2593,Eurasia,50439819
X2594,Eurasia,50439819
X2595,Eurasia,50439819
X2596,Eurasia,50439819
X2597,Eurasia,50439819
X2598,Eurasia,50439819
X2599,Eurasia,50439819
X2600,Eurasia,50439819
X2601,Eurasia,50439819
X2602,Eurasia,50439819
X2603,Eurasia,50439819
X2604,Eurasia,50439819
X2605,Eurasia,50439819
X2606,Eurasia,50439819
X2607,Eurasia,50439819
X2608,Eurasia,50439819
X2609,Eurasia,50439819
X2610,Eurasia,50439819
X2611,Eurasia,50439819
X2612,Eurasia,50439819
X2613,Eurasia,50439819
X2614,Eurasia,50439819
X2615,Eurasia,50439819
X2616,North America,20090075
X2617,North America,20090075
X2618,North America,20090075
X2619,North America,20090075
X2620,North America,20090075
X2621,North America,20090075
X2622,North America,20090075
X2623,North America,20090075
X2624,North America,20090075
X2625,North America,20090075
X2626,North America,20090075
X2627,North America,20090075
X2628,North America,20090075
X2629,North America,20090075
X2630,North America,20090075
X2631,North America,20090075
X2632,North America,20090075
X2633,North America,20090075
X2634,North America,20090075
X2635,North America,20090075
X2636,North America,20090075
X2637,North America,20090075
X2638,North America,20090075
X2639,North America,20090075
X2640,North America,20090075
X2641,North America,20090075
X2642,North America,20090075
X2643,North America,20090075
X2644,North America,20090075
X2645,Newfoundland,108971
X2646,Newfoundland,108971
X2647,Eurasia,50439819
X2648,Eurasia,50439819
X2649,Eurasia,50439819
X2650,Eurasia,50439819
X2651,Eurasia,50439819
X2652,Eurasia,50439819
X2653,Eurasia,50439819
X2654,Eurasia,50439819
X2655,Eurasia,50439819
X2656,Eurasia,50439819
X2657,Eurasia,50439819
X2658,Eurasia,50439819
X2659,Eurasia,50439819
X2660,Eurasia,50439819
X2661,Eurasia,50439819
X2662,Eurasia,50439819
X2663,Eurasia,50439819
X2664,Eurasia,50439819
X2665,Eurasia,50439819
X2666,Eurasia,50439819
X2667,Eurasia,50439819
X2668,Eurasia,50439819
X2669,Eurasia,50439819
X2670,Eurasia,50439819
X2671,Eurasia,50439819
X2672,Eurasia,50439819
X2673,Eurasia,50439819
X2674,Eurasia,50439819
X2675,Eurasia,50439819
X2676,Eurasia,50439819
X2677,Eurasia,50439819
X2678,Eurasia,50439819
X2679,Eurasia,50439819
X2680,Eurasia,50439819
X2681,Eurasia,50439819
X2682,Eurasia,50439819
X2683,Eurasia,50439819
X2684,Eurasia,50439819
X2685,Eurasia,50439819
X2686,Eurasia,50439819
X2687,Eurasia,50439819
X2688,Eurasia,50439819
X2689,Eurasia,50439819
X2690,Eurasia,50439819
X2691,Eurasia,50439819
X2692,Eurasia,50439819
X2693,Eurasia,50439819
X2694,Eurasia,50439819
X2695,Eurasia,50439819
X2696,Eurasia,50439819
X2697,Eurasia,50439819
X2698,Eurasia,50439819
X2699,Eurasia,50439819
X2700,Eurasia,50439819
X2701,Eurasia,50439819
X2702,Eurasia,50439819
X2703,Eurasia,50439819
X2704,Eurasia,50439819
X2705,Eurasia,50439819
X2706,Eurasia,50439819
X2707,Eurasia,50439819
X2708,Eurasia,50439819
X2709,Eurasia,50439819
X2710,Eurasia,50439819
X2711,Eurasia,50439819
X2712,Eurasia,50439819
X2713,Eurasia,50439819
X2714,Eurasia,50439819
X2715,Eurasia,50439819
X2716,Eurasia,50439819
X2717,Eurasia,50439819
X2718,Sakhalin,74327
X2719,North America,20090075
X2720,North America,20090075
X2721,North America,20090075
X2722,North America,20090075
X2723,North America,20090075
X2724,North America,20090075
X2725,North America,20090075
X2726,North America,20090075
X2727,North America,20090075
X2728,North America,20090075
X2729,North America,20090075
X2730,North America,20090075
X2731,North America,20090075
X2732,North America,20090075
X2733,North America,20090075
X2734,North America,20090075
X2735,North America,20090075
X2736,North America,20090075
X2737,North America,20090075
X2738,North America,20090075
X2739,North America,20090075
X2740,North America,20090075
X2741,North America,20090075
X2742,North America,20090075
X2743,North America,20090075
X2744,North America,20090075
X2745,North America,20090075
X2746,North America,20090075
X2747,North America,20090075
X2748,North America,20090075
X2749,North America,20090075
X2750,North America,20090075
X2751,North America,20090075
X2752,North America,20090075
X2753,North America,20090075
X2754,Great Britain,219076
X2755,Great Britain,219076
X2756,Eurasia,50439819
X2757,Eurasia,50439819
X2758,Eurasia,50439819
X2759,Eurasia,50439819
X2760,Eurasia,50439819
X2761,Eurasia,50439819
X2762,Eurasia,50439819
X2763,Eurasia,50439819
X2764,Eurasia,50439819
X2765,Eurasia,50439819
X2766,Eurasia,50439819
X2767,Eurasia,50439819
X2768,Eurasia,50439819
X2769,Eurasia,50439819
X2770,Eurasia,50439819
X2771,Eurasia,50439819
X2772,Eurasia,50439819
X2773,Eurasia,50439819
X2774,Eurasia,50439819
X2775,Eurasia,50439819
X2776,Eurasia,50439819
X2777,Eurasia,50439819
X2778,Eurasia,50439819
X2779,Eurasia,50439819
X2780,Eurasia,50439819
X2781,Eurasia,50439819
X2782,Eurasia,50439819
X2783,Eurasia,50439819
X2784,Eurasia,50439819
X2785,Eurasia,50439819
X2786,Eurasia,50439819
X2787,Eurasia,50439819
X2788,Eurasia,50439819
X2789,Eurasia,50439819
X2790,Eurasia,50439819
X2791,Eurasia,50439819
X2792,Eurasia,50439819
X2793,Eurasia,50439819
X2794,Eurasia,50439819
X2795,Eurasia,50439819
X2796,Eurasia,50439819
X2797,Eurasia,50439819
X2798,Eurasia,50439819
X2799,Eurasia,50439819
X2800,Eurasia,50439819
X2801,Eurasia,50439819
X2802,Eurasia,50439819
X2803,Eurasia,50439819
X2804,Eurasia,50439819
X2805,Eurasia,50439819
X2806,Eurasia,50439819
X2807,Eurasia,50439819
X2808,Eurasia,50439819
X2809,Eurasia,50439819
X2810,Eurasia,50439819
X2811,Eurasia,50439819
X2812,Eurasia,50439819
X2813,Eurasia,50439819
X2814,Eurasia,50439819
X2815,Eurasia,50439819
X2816,Eurasia,50439819
X2817,Eurasia,50439819
X2818,Eurasia,50439819
X2819,Eurasia,50439819
X2820,Eurasia,50439819
X2821,Eurasia,50439819
X2822,Eurasia,50439819
X2823,Eurasia,50439819
X2824,Eurasia,50439819
X2825,Sakhalin,74327
X2826,North America,20090075
X2827,North America,20090075
X2828,North America,20090075
X2829,North America,20090075
X2830,North America,20090075
X2831,North America,20090075
X2832,North America,20090075
X2833,North America,20090075
X2834,North America,20090075
X2835,North America,20090075
X2836,North America,20090075
X2837,North America,20090075
X2838,North America,20090075
X2839,North America,20090075
X2840,North America,20090075
X2841,North America,20090075
X2842,North America,20090075
X2843,North America,20090075
X2844,North America,20090075
X2845,North America,20090075
X2846,North America,20090075
X2847,North America,20090075
X2848,North America,20090075
X2849,North America,20090075
X2850,North America,20090075
X2851,North America,20090075
X2852,North America,20090075
X2853,North America,20090075
X2854,North America,20090075
X2855,North America,20090075
X2856,North America,20090075
X2857,North America,20090075
X2858,North America,20090075
X2859,North America,20090075
X2860,North America,20090075
X2861,North America,20090075
X2862,Ireland,83883
X2863,Ireland,83883
X2864,Great Britain,219076
X2865,Great Britain,219076
X2866,Eurasia,50439819
X2867,Eurasia,50439819
X2868,Eurasia,50439819
X2869,Eurasia,50439819
X2870,Eurasia,50439819
X2871,Eurasia,50439819
X2872,Eurasia,50439819
X2873,Eurasia,50439819
X2874,Eurasia,50439819
X2875,Eurasia,50439819
X2876,Eurasia,50439819
X2877,Eurasia,50439819
X2878,Eurasia,50439819
X2879,Eurasia,50439819
X2880,Eurasia,50439819
X2881,Eurasia,50439819
X2882,Eurasia,50439819
X2883,Eurasia,50439819
X2884,Eurasia,50439819
X2885,Eurasia,50439819
X2886,Eurasia,50439819
X2887,Eurasia,50439819
X2888,Eurasia,50439819
X2889,Eurasia,50439819
X2890,Eurasia,50439819
X2891,Eurasia,50439819
X2892,Eurasia,50439819
X2893,Eurasia,50439819
X2894,Eurasia,50439819
X2895,Eurasia,50439819
X2896,Eurasia,50439819
X2897,Eurasia,50439819
X2898,Eurasia,50439819
X2899,Eurasia,50439819
X2900,Eurasia,50439819
X2901,Eurasia,50439819
X2902,Eurasia,50439819
X2903,Eurasia,50439819
X2904,Eurasia,50439819
X2905,Eurasia,50439819
X2906,Eurasia,50439819
X2907,Eurasia,50439819
X2908,Eurasia,50439819
X2909,Eurasia,50439819
X2910,Eurasia,50439819
X2911,Eurasia,50439819
X2912,Eurasia,50439819
X2913,Eurasia,50439819
X2914,Eurasia,50439819
X2915,Eurasia,50439819
X2916,Eurasia,50439819
X2917,Eurasia,50439819
X2918,Eurasia,50439819
X2919,Eurasia,50439819
X2920,Eurasia,50439819
X2921,Eurasia,50439819
X2922,Eurasia,50439819
X2923,Eurasia,50439819
X2924,Eurasia,50439819
X2925,Eurasia,50439819
X2926,Eurasia,50439819
X2927,Eurasia,50439819
X2928,Eurasia,50439819
X2929,Eurasia,50439819
X2930,Eurasia,50439819
X2931,Eurasia,50439819
X2932,Eurasia,50439819
X2933,Eurasia,50439819
X2934,North America,20090075
X2935,North America,20090075
X2936,North America,20090075
X2937,North America,20090075
X2938,North America,20090075
X2939,North America,20090075
X2940,North America,20090075
X2941,North America,20090075
X2942,North America,20090075
X2943,North America,20090075
X2944,North America,20090075
X2945,North America,20090075
X2946,North America,20090075
X2947,North America,20090075
X2948,North America,20090075
X2949,North America,20090075
X2950,North America,20090075
X2951,North America,20090075
X2952,North America,20090075
X2953,North America,20090075
X2954,North America,20090075
X2955,North America,20090075
X2956,North America,20090075
X2957,North America,20090075
X2958,North America,20090075
X2959,North America,20090075
X2960,North America,20090075
X2961,North America,20090075
X2962,North America,20090075
X2963,Great Britain,219076
X2964,Great Britain,219076
X2965,Eurasia,50439819
X2966,Eurasia,50439819
X2967,Eurasia,50439819
X2968,Eurasia,50439819
X2969,Eurasia,50439819
X2970,Eurasia,50439819
X2971,Eurasia,50439819
X2972,Eurasia,50439819
X2973,Eurasia,50439819
X2974,Eurasia,50439819
X2975,Eurasia,50439819
X2976,Eurasia,50439819
X2977,Eurasia,50439819
X2978,Eurasia,50439819
X2979,Eurasia,50439819
X2980,Eurasia,50439819
X2981,Eurasia,50439819
X2982,Eurasia,50439819
X2983,Eurasia,50439819
X2984,Eurasia,50439819
X2985,Eurasia,50439819
X2986,Eurasia,50439819
X2987,Eurasia,50439819
X2988,Eurasia,50439819
X2989,Eurasia,50439819
X2990,Eurasia,50439819
X2991,Eurasia,50439819
X2992,Eurasia,50439819
X2993,Eurasia,50439819
X2994,Eurasia,50439819
X2995,Eurasia,50439819
X2996,Eurasia,50439819
X2997,Eurasia,50439819
X2998,Eurasia,50439819
X2999,Eurasia,50439819
X3000,Eurasia,50439819
X3001,Eurasia,50439819
X3002,Eurasia,50439819
X3003,Eurasia,50439819
X3004,Eurasia,50439819
X3005,Eurasia,50439819
X3006,Eurasia,50439819
X3007,Eurasia,50439819
X3008,Eurasia,50439819
X3009,Eurasia,50439819
X3010,Eurasia,50439819
X3011,Eurasia,50439819
X3012,Eurasia,50439819
X3013,Eurasia,50439819
X3014,Eurasia,50439819
X3015,Eurasia,50439819
X3016,Eurasia,50439819
X3017,Eurasia,50439819
X3018,Eurasia,50439819
X3019,Eurasia,50439819
X3020,Eurasia,50439819
X3021,Eurasia,50439819
X3022,Eurasia,50439819
X3023,Eurasia,50439819
X3024,Eurasia,50439819
X3025,Eurasia,50439819
X3026,Eurasia,50439819
X3027,Eurasia,50439819
X3028,Eurasia,50439819
X3029,North America,20090075
X3030,North America,20090075
X3031,North America,20090075
X3032,North America,20090075
X3033,North America,20090075
X3034,North America,20090075
X3035,North America,20090075
X3036,North America,20090075
X3037,North America,20090075
X3038,North America,20090075
X3039,North America,20090075
X3040,North America,20090075
X3041,North America,20090075
X3042,North America,20090075
X3043,North America,20090075
X3044,North America,20090075
X3045,North America,20090075
X3046,North America,20090075
X3047,North America,20090075
X3048,North America,20090075
X3049,North America,20090075
X3050,North America,20090075
X3051,North America,20090075
X3052,North America,20090075
X3053,North America,20090075
X3054,North America,20090075
X3055,North America,20090075
X3056,North America,20090075
X3057,North America,20090075
X3058,North America,20090075
X3059,North America,20090075
X3060,North America,20090075
X3061,Eurasia,50439819
X3062,Eurasia,50439819
X3063,Eurasia,50439819
X3064,Eurasia,50439819
X3065,Eurasia,50439819
X3066,Eurasia,50439819
X3067,Eurasia,50439819
X3068,Eurasia,50439819
X3069,Eurasia,50439819
X3070,Eurasia,50439819
X3071,Eurasia,50439819
X3072,Eurasia,50439819
X3073,Eurasia,50439819
X3074,Eurasia,50439819
X3075,Eurasia,50439819
X3076,Eurasia,50439819
X3077,Eurasia,50439819
X3078,Eurasia,50439819
X3079,Eurasia,50439819
X3080,Eurasia,50439819
X3081,Eurasia,50439819
X3082,Eurasia,50439819
X3083,Eurasia,50439819
X3084,Eurasia,50439819
X3085,Eurasia,50439819
X3086,Eurasia,50439819
X3087,Eurasia,50439819
X3088,Eurasia,50439819
X3089,Eurasia,50439819
X3090,Eurasia,50439819
X3091,Eurasia,50439819
X3092,Eurasia,50439819
X3093,Eurasia,50439819
X3094,Eurasia,50439819
X3095,Eurasia,50439819
X3096,Eurasia,50439819
X3097,Eurasia,50439819
X3098,Eurasia,50439819
X3099,Eurasia,50439819
X3100,Eurasia,50439819
X3101,Eurasia,50439819
X3102,Eurasia,50439819
X3103,Eurasia,50439819
X3104,Eurasia,50439819
X3105,Eurasia,50439819
X3106,Eurasia,50439819
X3107,Eurasia,50439819
X3108,Eurasia,50439819
X3109,Eurasia,50439819
X3110,Eurasia,50439819
X3111,Eurasia,50439819
X3112,Eurasia,50439819
X3113,Eurasia,50439819
X3114,Eurasia,50439819
X3115,Eurasia,50439819
X3116,Eurasia,50439819
X3117,Eurasia,50439819
X3118,Eurasia,50439819
X3119,Eurasia,50439819
X3120,Eurasia,50439819
X3121,Eurasia,50439819
X3122,Eurasia,50439819
X3123,Eurasia,50439819
X3124,Eurasia,50439819
X3125,Eurasia,50439819
X3126,Eurasia,50439819
X3127,North America,20090075
X3128,North America,20090075
X3129,North America,20090075
X3130,North America,20090075
X3131,North America,20090075
X3132,North America,20090075
X3133,North America,20090075
X3134,North America,20090075
X3135,North America,20090075
X3136,North America,20090075
X3137,North America,20090075
X3138,North America,20090075
X3139,North America,20090075
X3140,North America,20090075
X3141,North America,20090075
X3142,North America,20090075
X3143,North America,20090075
X3144,North America,20090075
X3145,North America,20090075
X3146,North America,20090075
X3147,North America,20090075
X3148,North America,20090075
X3149,North America,20090075
X3150,North America,20090075
X3151,North America,20090075
X3152,North America,20090075
X3153,North America,20090075
X3154,North America,20090075
X3155,North America,20090075
X3156,North America,20090075
X3157,North America,20090075
X3158,North America,20090075
X3159,North America,20090075
X3160,North America,20090075
X3161,North America,20090075
X3162,North America,20090075
X3163,North America,20090075
X3164,North America,20090075
X3165,North America,20090075
X3166,Greenland,2119986
X3167,Greenland,2119986
X3168,Greenland,2119986
X3169,Greenland,2119986
X3170,Eurasia,50439819
X3171,Eurasia,50439819
X3172,Eurasia,50439819
X3173,Eurasia,50439819
X3174,Eurasia,50439819
X3175,Eurasia,50439819
X3176,Eurasia,50439819
X3177,Eurasia,50439819
X3178,Eurasia,50439819
X3179,Eurasia,50439819
X3180,Eurasia,50439819
X3181,Eurasia,50439819
X3182,Eurasia,50439819
X3183,Eurasia,50439819
X3184,Eurasia,50439819
X3185,Eurasia,50439819
X3186,Eurasia,50439819
X3187,Eurasia,50439819
X3188,Eurasia,50439819
X3189,Eurasia,50439819
X3190,Eurasia,50439819
X3191,Eurasia,50439819
X3192,Eurasia,50439819
X3193,Eurasia,50439819
X3194,Eurasia,50439819
X3195,Eurasia,50439819
X3196,Eurasia,50439819
X3197,Eurasia,50439819
X3198,Eurasia,50439819
X3199,Eurasia,50439819
X3200,Eurasia,50439819
X3201,Eurasia,50439819
X3202,Eurasia,50439819
X3203,Eurasia,50439819
X3204,Eurasia,50439819
X3205,Eurasia,50439819
X3206,Eurasia,50439819
X3207,Eurasia,50439819
X3208,Eurasia,50439819
X3209,Eurasia,50439819
X3210,Eurasia,50439819
X3211,Eurasia,50439819
X3212,Eurasia,50439819
X3213,Eurasia,50439819
X3214,Eurasia,50439819
X3215,Eurasia,50439819
X3216,Eurasia,50439819
X3217,Eurasia,50439819
X3218,Eurasia,50439819
X3219,Eurasia,50439819
X3220,Eurasia,50439819
X3221,Eurasia,50439819
X3222,Eurasia,50439819
X3223,Eurasia,50439819
X3224,Eurasia,50439819
X3225,Eurasia,50439819
X3226,Eurasia,50439819
X3227,Eurasia,50439819
X3228,Eurasia,50439819
X3229,Eurasia,50439819
X3230,Eurasia,50439819
X3231,Eurasia,50439819
X3232,Eurasia,50439819
X3233,Eurasia,50439819
X3234,Eurasia,50439819
X3235,Eurasia,50439819
X3236,Eurasia,50439819
X3237,Eurasia,50439819
X3238,Eurasia,50439819
X3239,Eurasia,50439819
X3240,Eurasia,50439819
X3241,Eurasia,50439819
X3242,Eurasia,50439819
X3243,Eurasia,50439819
X3244,Eurasia,50439819
X3245,Eurasia,50439819
X3246,Eurasia,50439819
X3247,Eurasia,50439819
X3248,Eurasia,50439819
X3249,Eurasia,50439819
X3250,Eurasia,50439819
X3251,Eurasia,50439819
X3252,Eurasia,50439819
X3253,Eurasia,50439819
X3254,Eurasia,50439819
X3255,North America,20090075
X3256,North America,20090075
X3257,North America,20090075
X3258,North America,20090075
X3259,North America,20090075
X3260,North America,20090075
X3261,North America,20090075
X3262,North America,20090075
X3263,North America,20090075
X3264,North America,20090075
X3265,North America,20090075
X3266,North America,20090075
X3267,North America,20090075
X3268,North America,20090075
X3269,North America,20090075
X3270,North America,20090075
X3271,North America,20090075
X3272,North America,20090075
X3273,North America,20090075
X3274,North America,20090075
X3275,North America,20090075
X3276,North America,20090075
X3277,North America,20090075
X3278,North America,20090075
X3279,North America,20090075
X3280,North America,20090075
X3281,North America,20090075
X3282,North America,20090075
X3283,North America,20090075
X3284,North America,20090075
X3285,North America,20090075
X3286,North America,20090075
X3287,North America,20090075
X3288,North America,20090075
X3289,North America,20090075
X3290,North America,20090075
X3291,North America,20090075
X3292,North America,20090075
X3293,North America,20090075
X3294,North America,20090075
X3295,Southampton Island,43250
X3296,Baffin Island,509660
X3297,Baffin Island,509660
X3298,Baffin Island,509660
X3299,Baffin Island,509660
X3300,Baffin Island,509660
X3301,Greenland,2119986
X3302,Greenland,2119986
X3303,Greenland,2119986
X3304,Greenland,2119986
X3305,Greenland,2119986
X3306,Greenland,2119986
X3307,Iceland,100694
X3308,Iceland,100694
X3309,Iceland,100694
X3310,Eurasia,50439819
X3311,Eurasia,50439819
X3312,Eurasia,50439819
X3313,Eurasia,50439819
X3314,Eurasia,50439819
X3315,Eurasia,50439819
X3316,Eurasia,50439819
X3317,Eurasia,50439819
X3318,Eurasia,50439819
X3319,Eurasia,50439819
X3320,Eurasia,50439819
X3321,Eurasia,50439819
X3322,Eurasia,50439819
X3323,Eurasia,50439819
X3324,Eurasia,50439819
X3325,Eurasia,50439819
X3326,Eurasia,50439819
X3327,Eurasia,50439819
X3328,Eurasia,50439819
X3329,Eurasia,50439819
X3330,Eurasia,50439819
X3331,Eurasia,50439819
X3332,Eurasia,50439819
X3333,Eurasia,50439819
X3334,Eurasia,50439819
X3335,Eurasia,50439819
X3336,Eurasia,50439819
X3337,Eurasia,50439819
X3338,Eurasia,50439819
X3339,Eurasia,50439819
X3340,Eurasia,50439819
X3341,Eurasia,50439819
X3342,Eurasia,50439819
X3343,Eurasia,50439819
X3344,Eurasia,50439819
X3345,Eurasia,50439819
X3346,Eurasia,50439819
X3347,Eurasia,50439819
X3348,Eurasia,50439819
X3349,Eurasia,50439819
X3350,Eurasia,50439819
X3351,Eurasia,50439819
X3352,Eurasia,50439819
X3353,Eurasia,50439819
X3354,Eurasia,50439819
X3355,Eurasia,50439819
X3356,Eurasia,50439819
X3357,Eurasia,50439819
X3358,Eurasia,50439819
X3359,Eurasia,50439819
X3360,Eurasia,50439819
X3361,Eurasia,50439819
X3362,Eurasia,50439819
X3363,Eurasia,50439819
X3364,Eurasia,50439819
X3365,Eurasia,50439819
X3366,Eurasia,50439819
X3367,Eurasia,50439819
X3368,Eurasia,50439819
X3369,Eurasia,50439819
X3370,Eurasia,50439819
X3371,Eurasia,50439819
X3372,Eurasia,50439819
X3373,Eurasia,50439819
X3374,Eurasia,50439819
X3375,Eurasia,50439819
X3376,Eurasia,50439819
X3377,Eurasia,50439819
X3378,Eurasia,50439819
X3379,Eurasia,50439819
X3380,Eurasia,50439819
X3381,Eurasia,50439819
X3382,Eurasia,50439819
X3383,Eurasia,50439819
X3384,Eurasia,50439819
X3385,Eurasia,50439819
X3386,Eurasia,50439819
X3387,Eurasia,50439819
X3388,Eurasia,50439819
X3389,Eurasia,50439819
X3390,Eurasia,50439819
X3391,Eurasia,50439819
X3392,North America,20090075
X3393,North America,20090075
X3394,North America,20090075
X3395,North America,20090075
X3396,North America,20090075
X3397,North America,20090075
X3398,North America,20090075
X3399,North America,20090075
X3400,North America,20090075
X3401,North America,20090075
X3402,North America,20090075
X3403,North America,20090075
X3404,North America,20090075
X3405,North America,20090075
X3406,North America,20090075
X3407,North America,20090075
X3408,North America,20090075
X3409,North America,20090075
X3410,North America,20090075
X3411,North America,20090075
X3412,North America,20090075
X3413,Victoria Island,220346
X3414,Victoria Island,220346
X3415,Victoria Island,220346
X3416,Victoria Island,220346
X3417,Victoria Island,220346
X3418,North America,20090075
X3419,North America,20090075
X3420,North America,20090075
X3421,North America,20090075
X3422,Baffin Island,509660
X3423,Baffin Island,509660
X3424,Baffin Island,509660
X3425,Baffin Island,509660
X3426,Greenland,2119986
X3427,Greenland,2119986
X3428,Greenland,2119986
X3429,Greenland,2119986
X3430,Greenland,2119986
X3431,Greenland,2119986
X3432,Greenland,2119986
X3433,Greenland,2119986
X3434,Greenland,2119986
X3435,Greenland,2119986
X3436,Greenland,2119986
X3437,Greenland,2119986
X3438,Greenland,2119986
X3439,Eurasia,50439819
X3440,Eurasia,50439819
X3441,Eurasia,50439819
X3442,Eurasia,50439819
X3443,Eurasia,50439819
X3444,Eurasia,50439819
X3445,Eurasia,50439819
X3446,Eurasia,50439819
X3447,Eurasia,50439819
X3448,Eurasia,50439819
X3449,Eurasia,50439819
X3450,Eurasia,50439819
X3451,Eurasia,50439819
X3452,Eurasia,50439819
X3453,Eurasia,50439819
X3454,Eurasia,50439819
X3455,Eurasia,50439819
X3456,Eurasia,50439819
X3457,Eurasia,50439819
X3458,Eurasia,50439819
X3459,Eurasia,50439819
X3460,Eurasia,50439819
X3461,Eurasia,50439819
X3462,Eurasia,50439819
X3463,Eurasia,50439819
X3464,Eurasia,50439819
X3465,Eurasia,50439819
X3466,Eurasia,50439819
X3467,Eurasia,50439819
X3468,Eurasia,50439819
X3469,Eurasia,50439819
X3470,Eurasia,50439819
X3471,Eurasia,50439819
X3472,Eurasia,50439819
X3473,Eurasia,50439819
X3474,Eurasia,50439819
X3475,Eurasia,50439819
X3476,Eurasia,50439819
X3477,Eurasia,50439819
X3478,Eurasia,50439819
X3479,Eurasia,50439819
X3480,Eurasia,50439819
X3481,Eurasia,50439819
X3482,Eurasia,50439819
X3483,Eurasia,50439819
X3484,Eurasia,50439819
X3485,Eurasia,50439819
X3486,Eurasia,50439819
X3487,Eurasia,50439819
X3488,Eurasia,50439819
X3489,Eurasia,50439819
X3490,Eurasia,50439819
X3491,Eurasia,50439819
X3492,Eurasia,50439819
X3493,Eurasia,50439819
X3494,Eurasia,50439819
X3495,Eurasia,50439819
X3496,Eurasia,50439819
X3497,Eurasia,50439819
X3498,Eurasia,50439819
X3499,Eurasia,50439819
X3500,Eurasia,50439819
X3501,Eurasia,50439819
X3502,Eurasia,50439819
X3503,Banks Island,70583
X3504,Banks Island,70583
X3505,Greenland,2119986
X3506,Greenland,2119986
X3507,Greenland,2119986
X3508,Greenland,2119986
X3509,Greenland,2119986
X3510,Greenland,2119986
X3511,Greenland,2119986
X3512,Greenland,2119986
X3513,Greenland,2119986
X3514,Greenland,2119986
X3515,Greenland,2119986
X3516,Greenland,2119986
X3517,Greenland,2119986
X3518,Greenland,2119986
X3519,Greenland,2119986
X3520,Greenland,2119986
X3521,Greenland,2119986
X3522,Eurasia,50439819
X3523,Eurasia,50439819
X3524,Eurasia,50439819
X3525,Eurasia,50439819
X3526,Eurasia,50439819
X3527,Eurasia,50439819
X3528,Eurasia,50439819
X3529,Eurasia,50439819
X3530,Eurasia,50439819
X3531,Eurasia,50439819
X3532,Eurasia,50439819
X3533,Eurasia,50439819
X3534,Eurasia,50439819
X3535,Eurasia,50439819
X3536,Ellesmere Island,199039
X3537,Ellesmere Island,199039
X3538,Ellesmere Island,199039
X3539,Ellesmere Island,199039
X3540,Greenland,2119986
X3541,Greenland,2119986
X3542,Greenland,2119986
X3543,Greenland,2119986
X3544,Greenland,2119986
X3545,Greenland,2119986
X3546,Greenland,2119986
X3547,Greenland,2119986
X3548,Greenland,2119986
X3549,Greenland,2119986
X3550,Greenland,2119986
X3551,Greenland,2119986
X3552,Greenland,2119986
X3553,Greenland,2119986
X3554,Greenland,2119986
X3555,Greenland,2119986
X3556,Greenland,2119986
X3557,Greenland,2119986
X3558,Greenland,2119986
X3559,Greenland,2119986
X3560,Greenland,2119986
