"","cell_id","MDS1","MDS2"
"1","X67",-0.00623551656363756,-0.00278031805312819
"2","X85",0.0481495128865011,-0.0143648127535503
"3","X86",-0.00449223419408835,0.000836672252281934
"4","X87",-0.00623551656363752,-0.00278031805312819
"5","X88",-0.00623551656363756,-0.0027803180531282
"6","X89",-0.00967413373455557,-0.00273449186039481
"7","X90",-0.00967413373455557,-0.00273449186039481
"8","X111",0.0483966694999055,-0.0148588749738474
"9","X112",0.0483966694999055,-0.0148588749738474
"10","X113",0.0478078677126108,-0.0175752048222779
"11","X114",0.0481495128865011,-0.0143648127535503
"12","X115",-0.0044922341940883,0.00083667225228195
"13","X116",-0.00623551656363757,-0.0027803180531282
"14","X117",-0.00623551656363753,-0.00278031805312819
"15","X118",-0.00623551656363754,-0.0027803180531282
"16","X119",-0.00967413373455556,-0.00273449186039481
"17","X120",-0.00967413373455557,-0.00273449186039481
"18","X146",0.0483966694999055,-0.0148588749738474
"19","X147",0.0483966694999055,-0.0148588749738474
"20","X148",0.0549036020067939,-0.0228204100528209
"21","X149",0.0549036020067939,-0.0228204100528209
"22","X150",0.0560151540084671,-0.0209577183901894
"23","X151",-0.00623551656363753,-0.0027803180531282
"24","X152",-0.00623551656363756,-0.00278031805312819
"25","X153",-0.00623551656363754,-0.00278031805312819
"26","X154",-0.00623551656363753,-0.0027803180531282
"27","X155",-0.00623551656363756,-0.00278031805312819
"28","X156",-0.00623551656363756,-0.00278031805312819
"29","X157",-0.00967413373455557,-0.00273449186039481
"30","X158",-0.0221072219391878,-0.00823642303989593
"31","X184",0.0607095685423834,-0.0164146364024829
"32","X185",0.0581258208620836,-0.0203347799464807
"33","X186",0.0570184622430095,-0.0406488684748897
"34","X187",0.0628048616187146,-0.0268677027930461
"35","X188",0.0628048616187146,-0.0268677027930461
"36","X189",0.0628048616187146,-0.0268677027930461
"37","X190",-0.00623551656363751,-0.00278031805312818
"38","X191",-0.00623551656363757,-0.0027803180531282
"39","X192",-0.00623551656363756,-0.0027803180531282
"40","X193",-0.00623551656363753,-0.00278031805312819
"41","X194",-0.00623551656363757,-0.0027803180531282
"42","X195",-0.00623551656363757,-0.0027803180531282
"43","X196",-0.0261023781733301,0.0048423152445961
"44","X197",-0.0241871839507972,-0.0164001862994786
"45","X222",0.0483966694999055,-0.0148588749738474
"46","X223",0.0607095685423834,-0.0164146364024829
"47","X224",0.0607095685423834,-0.0164146364024829
"48","X225",0.0570184622430095,-0.0406488684748897
"49","X226",0.0628048616187146,-0.0268677027930461
"50","X227",0.0628048616187146,-0.0268677027930461
"51","X228",0.0579403635824555,-0.0478081196996172
"52","X229",-0.0044922341940883,0.00083667225228195
"53","X230",-0.0044922341940883,0.000836672252281954
"54","X231",-0.00449223419408829,0.000836672252281957
"55","X232",-0.0044922341940883,0.000836672252281948
"56","X233",-0.00623551656363753,-0.00278031805312819
"57","X234",-0.0261023781733301,0.0048423152445961
"58","X235",-0.0229034167565174,-0.00561156917961788
"59","X236",-0.0229034167565174,-0.00561156917961788
"60","X237",-0.0241871839507972,-0.0164001862994786
"61","X238",-0.0223112716674013,-0.0191519584099475
"62","X260",0.0493576064995323,-0.0121636617360075
"63","X262",0.0679937164219117,-0.00373058022230589
"64","X263",0.0679937164219117,-0.00373058022230589
"65","X264",0.0711519722029601,-0.00974509529107186
"66","X265",0.0570184622430095,-0.0406488684748897
"67","X266",0.0570184622430095,-0.0406488684748897
"68","X267",0.0628048616187146,-0.0268677027930461
"69","X268",0.0577715473077875,-0.0479550919106511
"70","X269",0.0565034040973941,-0.0495300326505571
"71","X270",-0.00449223419408834,0.000836672252281933
"72","X271",-0.00449223419408829,0.000836672252281956
"73","X272",-0.00449223419408831,0.000836672252281943
"74","X273",-0.0044922341940883,0.000836672252281952
"75","X274",-0.00533376564619167,-0.00396201419802281
"76","X275",-0.0261023781733301,0.0048423152445961
"77","X276",-0.0229034167565174,-0.00561156917961788
"78","X277",-0.0241871839507972,-0.0164001862994786
"79","X278",-0.0241871839507972,-0.0164001862994786
"80","X279",-0.0223112716674013,-0.0191519584099475
"81","X280",-0.0222195780191482,-0.0199663827789398
"82","X281",-0.914556032926648,-0.033705041247436
"83","X282",-0.914541756227104,-0.0340376727644502
"84","X304",0.0493576064995323,-0.0121636617360075
"85","X305",0.0644196322853907,0.00195593509388122
"86","X306",0.063210969262196,0.00398036603510751
"87","X307",0.0679937164219117,-0.00373058022230589
"88","X308",0.0726823243805891,-0.0203401308855427
"89","X309",0.063923621223842,-0.0251864002257454
"90","X310",0.0602726232626102,-0.0448665408964372
"91","X311",0.0616125422251774,-0.0433751938634321
"92","X312",0.058533247629267,-0.0469860985089342
"93","X313",0.0540902621801171,-0.052516811235111
"94","X314",0.0574217319470269,-0.0483885046951902
"95","X315",0.0553509280345107,-0.0509023564093449
"96","X316",-0.0044922341940883,0.000836672252281947
"97","X317",-0.0044922341940883,0.00083667225228195
"98","X318",-0.00449223419408834,0.000836672252281934
"99","X319",-0.00449223419408829,0.00083667225228195
"100","X321",-0.0261023781733301,0.0048423152445961
"101","X322",-0.0229034167565174,-0.00561156917961788
"102","X323",-0.0241871839507972,-0.0164001862994786
"103","X324",-0.0241871839507972,-0.0164001862994786
"104","X325",-0.0223112716674013,-0.0191519584099475
"105","X326",-0.0222195780191482,-0.0199663827789398
"106","X327",-0.914409517198146,-0.036995260108062
"107","X328",-0.915099986713407,-0.017383466895365
"108","X349",0.0602896169026771,-0.0156643257142943
"109","X350",0.0711519722029601,-0.00974509529107186
"110","X351",0.0724375272101044,0.000432767353519767
"111","X352",0.0763111922951593,-0.00746925052704587
"112","X353",0.0714962886544845,-0.0235651008730906
"113","X354",0.0633279302852676,-0.0401539003692342
"114","X355",0.0628101949310747,-0.0413255923072528
"115","X356",0.0596847025972176,-0.0456956191210477
"116","X357",0.0598946439252175,-0.0454262599528782
"117","X358",0.0609746962749787,-0.0438572748875648
"118","X359",0.0586323849158357,-0.0470427546774554
"119","X360",0.0560033455549027,-0.0500980330702374
"120","X361",0.0566280641449956,-0.0493094688565642
"121","X362",-0.0044922341940883,0.000836672252281949
"122","X363",-0.0276059506039044,0.00781712329346651
"123","X364",-0.0276059506039044,0.00781712329346651
"124","X365",-0.0276059506039044,0.00781712329346651
"125","X366",-0.0261023781733301,0.0048423152445961
"126","X367",-0.0261023781733301,0.0048423152445961
"127","X368",-0.0229034167565174,-0.00561156917961788
"128","X369",-0.0229034167565174,-0.00561156917961788
"129","X370",-0.0229034167565174,-0.00561156917961788
"130","X371",-0.0223112716674013,-0.0191519584099475
"131","X372",-0.914944240003076,-0.0231050272473697
"132","X373",-0.915060771713159,-0.0189666603732425
"133","X392",0.0598920274765374,-0.0145082519510617
"134","X393",0.0698705487224632,-0.028012487406172
"135","X394",0.0763111922951593,-0.00746925052704587
"136","X395",0.0714962886544845,-0.0235651008730906
"137","X396",0.0693003494500038,-0.0295139984002645
"138","X397",0.0626449972665927,-0.0415012310061424
"139","X398",0.0648679881482651,-0.0330274462194215
"140","X399",0.0609746962749787,-0.0438572748875648
"141","X400",0.0609746962749787,-0.0438572748875648
"142","X401",0.0619917320499286,-0.0424963405925801
"143","X402",0.0609746962749787,-0.0438572748875648
"144","X403",0.0525984509070321,-0.0542256203476739
"145","X404",0.0528716297643676,-0.0539133326077412
"146","X405",-0.0276059506039044,0.00781712329346651
"147","X406",-0.0276059506039044,0.00781712329346651
"148","X407",-0.0276059506039044,0.00781712329346651
"149","X408",-0.0262824287922649,0.00546006698864948
"150","X409",-0.0262778211014252,0.00495169830620963
"151","X410",-0.0262778211014252,0.00495169830620963
"152","X411",-0.0261023781733301,0.0048423152445961
"153","X412",-0.0229034167565174,-0.00561156917961788
"154","X413",-0.0229034167565174,-0.00561156917961788
"155","X414",-0.0229034167565174,-0.00561156917961788
"156","X415",-0.0223112716674013,-0.0191519584099475
"157","X416",-0.0223112716674013,-0.0191519584099475
"158","X417",-0.915254296617935,-0.00960471799054159
"159","X418",-0.915156130347797,-0.0149108253491599
"160","X419",-0.914119144688334,-0.0428272507167555
"161","X434",0.063250985904672,-0.0049554365265613
"162","X435",0.0718739368235792,-0.022039464925084
"163","X436",0.071355359924703,-0.0233343283782847
"164","X437",0.0714937346731614,-0.0238360940808907
"165","X438",0.0714962886544845,-0.0235651008730906
"166","X439",0.0693003494500038,-0.0295139984002645
"167","X440",0.0705170873650149,-0.0257976452256282
"168","X441",0.0679873279644962,-0.0325354990225734
"169","X442",0.0648679881482651,-0.0330274462194215
"170","X443",0.0619917320499286,-0.0424963405925801
"171","X444",0.0619917320499286,-0.0424963405925801
"172","X445",0.0602334011870082,-0.045048719931432
"173","X446",0.0523962810136542,-0.054470588477187
"174","X447",0.0556680614292563,-0.0505823132923345
"175","X448",-0.0224193560792245,-0.00665671129068919
"176","X449",-0.0262824287922649,0.00546006698864948
"177","X450",-0.0262824287922649,0.00546006698864948
"178","X451",-0.0262824287922649,0.00546006698864948
"179","X452",-0.0224193560792245,-0.00665671129068919
"180","X453",-0.0227404955936621,-0.00611408784664156
"181","X454",-0.0227404955936621,-0.00611408784664156
"182","X455",-0.0227404955936621,-0.00611408784664156
"183","X456",-0.0261023781733301,0.0048423152445961
"184","X457",-0.0229034167565174,-0.00561156917961788
"185","X458",-0.0223112716674013,-0.0191519584099475
"186","X459",-0.0225404733080447,-0.0192219587295428
"187","X460",-0.0228534490094048,-0.0198840751088417
"188","X461",-0.914844454141192,-0.0261798606673791
"189","X462",-0.915259028673863,-0.00919402891891699
"190","X463",-0.915025759858421,-0.0202790977638428
"191","X478",0.0648387881882352,0.00336917505417325
"192","X479",0.0731705163042039,-0.019476221069437
"193","X480",0.0718739368235792,-0.022039464925084
"194","X481",0.0715105099813512,-0.0227795624866073
"195","X482",0.069858791250564,-0.0283694007874282
"196","X483",0.0698455741855912,-0.0282450558178389
"197","X484",0.0695090474050833,-0.0293391133931719
"198","X485",0.0709334379680431,-0.0255620653616314
"199","X486",0.0679873279644962,-0.0325354990225734
"200","X487",0.0685712673571885,-0.0312509128136155
"201","X488",0.0648679881482651,-0.0330274462194215
"202","X489",0.0648679881482651,-0.0330274462194215
"203","X490",0.0635166794726328,-0.0405902161898342
"204","X491",0.0577623185446532,-0.0482793780322219
"205","X492",0.0504714745117149,-0.0564423308299732
"206","X493",0.0527307929208558,-0.0539947976431843
"207","X494",-0.025057129813247,-0.0172994249963337
"208","X495",-0.0224193560792245,-0.00665671129068919
"209","X496",-0.0224193560792245,-0.00665671129068919
"210","X497",-0.0224193560792245,-0.00665671129068919
"211","X498",-0.0223756287643842,-0.00697332536213075
"212","X499",-0.0230914980355018,-0.00913451680113311
"213","X500",-0.0223756287643842,-0.00697332536213075
"214","X501",-0.0261772816558235,-0.0144801053335538
"215","X502",-0.0261772816558235,-0.0144801053335538
"216","X503",-0.0261772816558235,-0.0144801053335538
"217","X504",-0.0225565322616613,-0.0192182588506563
"218","X505",-0.0225404733080447,-0.0192219587295428
"219","X506",-0.0229372996416654,-0.0195208410284686
"220","X507",-0.0197277671065378,-0.0106082472372558
"221","X508",-0.91355067173107,-0.0525468379959592
"222","X509",-0.914657090794614,-0.0312451389746176
"223","X520",0.049388164993482,-0.00763667931091499
"224","X521",0.077764534627661,0.00996822857268036
"225","X522",0.0771195186076021,-0.00952601485379558
"226","X523",0.0749000223713049,-0.021048622094381
"227","X524",0.0731106073913808,-0.0190162158526248
"228","X525",0.0718739368235792,-0.022039464925084
"229","X526",0.0716230069825602,-0.0297832460714474
"230","X527",0.0721486747024152,-0.0269746565982376
"231","X528",0.0710955428366425,-0.0263817077725636
"232","X529",0.0710293669833042,-0.0250302609919083
"233","X530",0.0691102932493345,-0.0255348866180859
"234","X531",0.0685712673571885,-0.0312509128136155
"235","X532",0.0648679881482651,-0.0330274462194215
"236","X533",0.0648679881482651,-0.0330274462194215
"237","X534",0.0635166794726328,-0.0405902161898342
"238","X535",0.0635166794726328,-0.0405902161898342
"239","X536",0.0559024881459296,-0.0504690444737908
"240","X537",-0.025057129813247,-0.0172994249963337
"241","X538",-0.0223756287643842,-0.00697332536213076
"242","X539",-0.0224193560792245,-0.00665671129068919
"243","X540",-0.0230914980355018,-0.00913451680113311
"244","X541",-0.0230914980355018,-0.00913451680113311
"245","X542",-0.0253185398068423,-0.0153665397989809
"246","X543",-0.0253185398068423,-0.0153665397989809
"247","X544",-0.0253185398068423,-0.0153665397989809
"248","X545",-0.0253185398068423,-0.0153665397989809
"249","X546",-0.0242830045500966,-0.0169261268386725
"250","X547",-0.0254433201017337,-0.0161163542696823
"251","X548",-0.0229372996416654,-0.0195208410284686
"252","X549",-0.0229372996416654,-0.0195208410284686
"253","X550",-0.0231055188742015,-0.019267122280617
"254","X551",-0.913907754450092,-0.0466649082123427
"255","X557",0.0622603937782511,-0.00468553181926758
"256","X558",0.0772109800948059,0.0184087592211804
"257","X559",0.0786597063473193,0.0166427563649367
"258","X560",0.0774254411776575,-0.00908095850875385
"259","X561",0.0745516160204145,-0.0118359546706306
"260","X562",0.0751014167086579,-0.0169609900095412
"261","X563",0.0738925272731137,-0.0242696531377945
"262","X564",0.0728702461815848,-0.0265875674922221
"263","X565",0.0759643989425842,-0.0204169631684369
"264","X566",0.0720098439360554,-0.0280073941613538
"265","X567",0.0708351668099903,-0.0272365189977946
"266","X568",0.0703664165836994,-0.0275200768781838
"267","X569",0.0685712673571885,-0.0312509128136155
"268","X570",0.0685712673571885,-0.0312509128136155
"269","X571",0.0680547505994203,-0.031866014981675
"270","X572",0.0680547505994203,-0.031866014981675
"271","X573",0.0613617815040073,-0.0436263286141931
"272","X574",0.0594059139643466,-0.046103501772993
"273","X575",0.0580659368834473,-0.0480506167858203
"274","X576",-0.0238017934991142,-0.0187692303703703
"275","X577",-0.0249861270373565,-0.0135819781651112
"276","X578",-0.0249861270373565,-0.0135819781651112
"277","X579",-0.0249861270373565,-0.0135819781651112
"278","X580",-0.0238961250606787,-0.0138878816701055
"279","X581",-0.0238961250606787,-0.0138878816701055
"280","X582",-0.0253185398068423,-0.0153665397989809
"281","X583",-0.0253185398068423,-0.0153665397989809
"282","X584",-0.0250571933737616,-0.0165229217109441
"283","X585",-0.0250605086648188,-0.0167153827185358
"284","X586",-0.0249914897185266,-0.0161447093018487
"285","X587",-0.0228920844090289,-0.00809913937035785
"286","X588",-0.0231055188742015,-0.019267122280617
"287","X594",0.0763260736619037,0.0223184714555565
"288","X595",0.0771986891511856,0.0249590573848889
"289","X596",0.07676904053626,0.0265617622853604
"290","X597",0.0775026029695113,-0.00835772702748209
"291","X598",0.0774986254165383,-0.00855926127347598
"292","X599",0.0764826831383155,-0.0137786233828028
"293","X600",0.0762853873281256,-0.00855723021848495
"294","X601",0.077202030725484,-0.0182844152773967
"295","X602",0.0766837889199272,-0.0181192894126867
"296","X603",0.0735770012298891,-0.0214020128351779
"297","X604",0.0719665012169692,-0.0286189449285426
"298","X605",0.0706617707170495,-0.0277552041104
"299","X606",0.0669027671236106,-0.034276102382497
"300","X607",0.0685712673571885,-0.0312509128136155
"301","X608",0.0680547505994203,-0.031866014981675
"302","X609",0.0680547505994203,-0.031866014981675
"303","X610",0.0612894581963695,-0.0438027212437811
"304","X611",0.0649428210540439,-0.0237159914918684
"305","X612",0.0595636104576564,-0.0369484531734507
"306","X613",-0.0230152698203452,-0.0158337700479061
"307","X614",-0.024976450328468,-0.0134549416166274
"308","X615",-0.0294569152346986,-0.014075556990573
"309","X616",-0.0278933844427113,-0.0148591795151959
"310","X617",-0.0281149477247292,-0.015335428350629
"311","X618",-0.0236859145048017,-0.0141130458266254
"312","X619",-0.0253185398068423,-0.0153665397989809
"313","X620",-0.0253185398068423,-0.0153665397989809
"314","X621",-0.0253185398068423,-0.0153665397989809
"315","X622",-0.0250605086648188,-0.0167153827185358
"316","X623",-0.0240103783746809,-0.0181617072561871
"317","X624",-0.0261248786010828,-0.015757276978324
"318","X625",-0.022920452039417,-0.0197771548862733
"319","X626",0.0723030903364535,0.025452711019134
"320","X627",0.077252679941342,0.0247507801688509
"321","X628",0.0786790032933729,0.0184892059464146
"322","X629",0.0775232974316879,0.0239594059172434
"323","X630",0.0769747056746847,0.0259155893259364
"324","X631",0.0774754608363746,-0.00630874237048124
"325","X632",0.0774781301639757,-0.00985826353778335
"326","X633",0.0768707585356739,0.0173369204111234
"327","X634",0.0777660490205792,-0.0143381941751016
"328","X635",0.0755066355917838,-0.0181782591111304
"329","X636",0.0735942054308485,-0.0208170934994344
"330","X637",0.0714952527266898,-0.0299415510421334
"331","X638",0.0704260326267663,-0.0328865184392165
"332","X639",0.0697611661011481,-0.0332130604882918
"333","X640",0.0631862179910289,-0.0404626351642924
"334","X641",0.0682239316881097,-0.0316057828031464
"335","X642",0.0688113918818543,-0.0304743274626277
"336","X643",0.0633670962020824,-0.0406854108764236
"337","X644",0.0622835109603622,-0.0420804708131662
"338","X645",0.0592184076659572,-0.0470895724691941
"339","X646",0.0590648869762943,-0.0469012787398727
"340","X647",-0.0230986432657038,-0.0157025487325719
"341","X648",-0.0282463227399502,-0.0151364336863576
"342","X649",-0.0294843152386906,-0.0140589504285965
"343","X650",-0.0294843152386906,-0.0140589504285965
"344","X651",-0.0282463227399502,-0.0151364336863576
"345","X652",-0.0246934815469984,-0.0144928709689455
"346","X653",-0.0246934815469984,-0.0144928709689455
"347","X654",-0.0257802217387454,-0.0168521300420374
"348","X655",-0.0248530745416514,-0.0176062240582805
"349","X656",-0.0225586952960447,-0.0150796468910792
"350","X657",-0.0218400717425489,-0.0153107416365805
"351","X658",-0.0213811536947338,-0.0162912919388
"352","X659",-0.0200268690529357,-0.0174364979027403
"353","X662",0.0755025701926378,0.0241201833332647
"354","X663",0.0789143038137392,0.0148197291013841
"355","X664",0.0792891611263608,0.014320019124236
"356","X665",0.0778503287338875,0.0232060495282156
"357","X666",0.0770492529824681,0.0257579550024626
"358","X667",0.0770046490749409,0.0258791754117319
"359","X668",0.0781874171638759,0.0213977639124148
"360","X669",0.0795579634753439,0.0107106804447781
"361","X670",0.0761215580722045,-0.0180668927533719
"362","X671",0.0756365681056047,-0.0188878002021451
"363","X672",0.0735942054308485,-0.0208170934994344
"364","X673",0.0725757241558859,-0.0246375929347222
"365","X674",0.0715791248715791,-0.0306736704263815
"366","X675",0.071288962514695,-0.0308358782419729
"367","X676",0.0697611661011481,-0.0332130604882918
"368","X677",0.0685339764862555,-0.0308416552969127
"369","X678",0.0688113918818543,-0.0304743274626277
"370","X679",0.0624691527470104,-0.030103675907439
"371","X680",0.0624691527470104,-0.030103675907439
"372","X681",0.0620272494964594,-0.0314581516214751
"373","X682",0.0633315347694063,-0.0349977910113988
"374","X683",0.0638700859406199,-0.0401466756952313
"375","X684",-0.0230986432657038,-0.0157025487325719
"376","X685",-0.0291099244743711,-0.0153396113187738
"377","X686",-0.0291099244743711,-0.0153396113187738
"378","X687",-0.0295662389347694,-0.014154483516764
"379","X688",-0.0294843152386906,-0.0140589504285965
"380","X689",-0.0282463227399502,-0.0151364336863576
"381","X690",-0.022959080752698,-0.0112556249293444
"382","X691",-0.0213632042169809,-0.0139113127874976
"383","X692",-0.0213956952473253,-0.0119697079025522
"384","X693",-0.0221358065565745,-0.0147026894601025
"385","X694",-0.0242667612095819,-0.0202091045979689
"386","X695",-0.0242667612095819,-0.0202091045979689
"387","X696",-0.0214271630833198,-0.0172705143154854
"388","X697",-0.00633771354443906,0.0207272872529827
"389","X701",0.0631214063095013,0.0122522283203987
"390","X702",0.0780412258185363,0.0189932365978007
"391","X703",0.0786798595168927,0.012765734312424
"392","X704",0.0792891611263608,0.014320019124236
"393","X705",0.0792891611263608,0.014320019124236
"394","X706",0.0793007928828915,0.0143407730985409
"395","X707",0.0791574223829337,0.0133820049917965
"396","X708",0.0775438533907406,0.0242607608452324
"397","X709",0.0796206337977491,0.010459368727634
"398","X710",0.0796191281251772,0.0026273937989464
"399","X711",0.0793340315843408,-0.00510076685314488
"400","X712",0.0755176982957478,-0.0183719471055667
"401","X713",0.0720859524793382,-0.0258393034784267
"402","X714",0.0730800871787937,-0.0278711450223306
"403","X715",0.07088546522563,-0.0290739748409745
"404","X716",0.070639409934215,-0.0322749577674489
"405","X717",0.0674302721053702,-0.0336957598154012
"406","X718",0.0735505541917752,-0.0179878593382213
"407","X719",0.0729005932648607,-0.0209334748159471
"408","X720",0.0624691527470104,-0.030103675907439
"409","X721",0.0624691527470104,-0.030103675907439
"410","X722",0.0624691527470104,-0.030103675907439
"411","X723",0.0638700859406199,-0.0401466756952313
"412","X724",-0.0322678204405385,-0.0118792559237526
"413","X725",-0.0291336072005843,-0.0151824155430962
"414","X726",-0.0291099244743711,-0.0153396113187738
"415","X727",-0.0291099244743711,-0.0153396113187738
"416","X728",-0.0307467859422809,-0.0141714317199074
"417","X729",-0.0291758275455364,-0.0148035988106572
"418","X730",-0.0282463227399502,-0.0151364336863576
"419","X731",-0.0226268279383085,-0.0113946434061752
"420","X732",-0.024441470676047,-0.0126981191830512
"421","X733",-0.024441470676047,-0.0126981191830512
"422","X734",-0.0229356634722132,-0.00771947768807221
"423","X735",-0.0209594607219314,-0.0163628465198496
"424","X736",-0.0209067654091461,-0.0175317038715101
"425","X737",-0.0210441282493663,-0.0193610430509595
"426","X738",-0.0104923661714525,0.0401106826208981
"427","X739",-0.0104923661714525,0.0401106826208981
"428","X740",-0.0104923661714525,0.0401106826208981
"429","X746",0.0472636277363699,-0.00854590056191141
"430","X747",0.0751121683309192,0.0261980075595307
"431","X748",0.0772858852136009,0.0213697324546071
"432","X749",0.0787515833232387,0.0130564202813843
"433","X750",0.0788979242575534,0.0126527530576967
"434","X751",0.0792250443397196,0.013447515253598
"435","X752",0.0792250443397196,0.013447515253598
"436","X753",0.0793718933328199,0.0133737516477706
"437","X754",0.0779832788436106,0.0225304799508888
"438","X755",0.0777042430410633,0.0233775520006881
"439","X756",0.0795043357416404,0.00301721843732871
"440","X757",0.0796170774516679,0.00243125493373236
"441","X758",0.0757021212369373,-0.0193173866651205
"442","X759",0.0730332784740487,-0.0285471189003096
"443","X760",0.0732344098619788,-0.0276081024790193
"444","X761",0.0722316691580121,-0.025119451580406
"445","X762",0.0741052970636005,-0.0260326854867399
"446","X763",0.0688201869896739,-0.0354402421529603
"447","X764",0.0688201869896739,-0.0354402421529603
"448","X765",0.0672954303205693,-0.0339925987605697
"449","X766",0.062772098214169,-0.035681085125571
"450","X767",0.0624691527470104,-0.030103675907439
"451","X768",0.0624691527470104,-0.030103675907439
"452","X769",-0.029169591377913,-0.0174539335973183
"453","X770",-0.0308581282049612,-0.0149744346153225
"454","X771",-0.0303566178293506,-0.0155605379321498
"455","X772",-0.0303566178293506,-0.0155605379321498
"456","X773",-0.0249994908210416,-0.0212078723647528
"457","X774",-0.0330060800721454,-0.0144072033125853
"458","X775",-0.0340196585470197,-0.012618937999218
"459","X776",-0.0258894997420366,-0.0124788626602051
"460","X777",-0.0251287165505806,-0.0124312599235069
"461","X778",-0.0213256405131001,-0.0132794267012716
"462","X779",-0.0231495479625952,-0.00796511208502744
"463","X780",-0.0233048815512986,-0.00771701295818242
"464","X781",-0.0207086414419299,-0.0175168325296305
"465","X782",-0.0208894420282753,-0.0194265649202529
"466","X783",-0.00309527861453741,0.0465719712118386
"467","X788",0.0776909804052169,0.0179289031093751
"468","X789",0.076451859325053,0.0196660366831534
"469","X790",0.077850303407494,0.0201854090743936
"470","X791",0.0790520939067218,0.0121722825874745
"471","X792",0.0787955756173452,0.0136778197606253
"472","X793",0.0790411516507126,0.0151011925645687
"473","X794",0.0793986762988871,0.0135679024165104
"474","X795",0.0795909450766269,0.0125896375596922
"475","X796",0.0789998754657629,0.0171448325380035
"476","X797",0.0847151451095256,-0.00200711259595159
"477","X798",0.0847232058134699,-0.00358884737463253
"478","X799",0.0758253036323389,-0.0189215730958773
"479","X800",0.0756670020265274,-0.0195448868685217
"480","X801",0.0732344098619788,-0.0276081024790193
"481","X802",0.0732344098619788,-0.0276081024790193
"482","X803",0.0741052970636005,-0.0260326854867399
"483","X804",0.0730208860352799,-0.0228361346569891
"484","X805",0.0686077059503205,-0.0356226995218979
"485","X806",0.0644142614573482,-0.0381318576278207
"486","X807",0.062772098214169,-0.035681085125571
"487","X808",0.062772098214169,-0.035681085125571
"488","X809",-0.0357838742452277,0.00651564174826114
"489","X810",-0.0359497904505299,0.00587301003313946
"490","X811",-0.0318907231670194,0.00429990902920173
"491","X812",-0.0313603592157498,0.00836607207902456
"492","X813",-0.0321864408065952,0.00736147079317159
"493","X814",-0.0321231903853707,0.00748124060598744
"494","X815",-0.0319720540754647,0.00787602395849562
"495","X816",-0.033161900967172,0.00317911473213172
"496","X817",-0.0305033659639984,-0.0102768612770379
"497","X818",-0.0278387558824594,-0.0115690792618992
"498","X819",-0.0208420111391302,-0.0109029290471103
"499","X820",-0.0231658668852843,-0.0133644432889244
"500","X821",-0.0226341491968483,-0.0139791841354176
"501","X822",-0.0209524297695181,-0.0167592399094868
"502","X823",-0.0211229223941726,-0.0188912537433756
"503","X824",-0.00304129935570203,0.0466569310571015
"504","X825",-0.00304129935570202,0.0466569310571014
"505","X826",-0.0042079840075899,0.0470875556226388
"506","X827",0.0230749746434646,0.0557716297302234
"507","X833",0.0743993250351266,0.0273311547585985
"508","X834",0.0771782618474227,0.022582316770108
"509","X835",0.0767621053492314,0.0243380575964389
"510","X836",0.0768632592938695,0.0239714342493587
"511","X837",0.077569797024656,0.0218589465271149
"512","X838",0.0784055301440585,-0.00102509516584432
"513","X839",0.0786437671222066,-0.00215877072700247
"514","X840",0.078696315030111,-0.00208964665044146
"515","X841",0.0756529938583711,0.0281693347441372
"516","X842",0.0795252231827492,-7.59451617362104e-05
"517","X843",0.0794963269082333,-0.0044142624622348
"518","X844",0.0793352267665824,-0.00719944196470223
"519","X845",0.0817244320481295,-0.0174854722627672
"520","X846",0.0703432643057049,-0.0340530753082702
"521","X847",0.0735910643535153,-0.0263788798212949
"522","X848",0.0734702201933952,-0.0271246487910121
"523","X849",0.0730208860352799,-0.0228361346569891
"524","X850",0.0684366260633494,-0.0332341444795612
"525","X851",-0.0308179689094219,0.0108048940642359
"526","X852",-0.0323073036817459,0.0121511633792313
"527","X853",-0.0322357335502519,0.0116430155918313
"528","X854",-0.0370780980633043,0.00472840178258644
"529","X855",-0.0313264208240958,0.00977565217365622
"530","X856",-0.0332123965744848,0.0101395035919022
"531","X857",-0.0332123965744847,0.0101395035919022
"532","X858",-0.0336919361036491,0.00805670810572501
"533","X859",-0.0323537750209925,0.00395980707948163
"534","X860",-0.0283582626148119,-0.0114568321817088
"535","X861",-0.0277588129344558,-0.016922675349386
"536","X862",-0.023505339287931,-0.0127336300941254
"537","X863",-0.0230519921391577,-0.0130732197591825
"538","X864",-0.0226001392834844,-0.0135601071483595
"539","X865",-0.0214634190036318,-0.0188428983199625
"540","X866",-0.00610116836479566,0.0449096876334736
"541","X867",-0.00304129935570201,0.0466569310571014
"542","X868",-0.00420798400758989,0.0470875556226388
"543","X869",-0.0042079840075899,0.0470875556226388
"544","X870",-0.0042079840075899,0.0470875556226388
"545","X871",0.0261524933535892,0.0578779517131818
"546","X875",0.0740379452774571,0.0297665054521953
"547","X876",0.0781764240416551,-0.000757342009027452
"548","X877",0.0767977809039611,0.0240295415824898
"549","X878",0.077569797024656,0.0218589465271149
"550","X879",0.077673301843723,0.0216306298214695
"551","X880",0.0780114624890729,0.000101636970413198
"552","X881",0.0767943171717866,-0.0104725795606456
"553","X882",0.0767387957675633,-0.0118708646703072
"554","X883",0.0767049091961639,-0.0128918026922356
"555","X884",0.0762297330271143,-0.0152450169636543
"556","X885",0.078717464029377,-0.00563142575212102
"557","X886",0.078717464029377,-0.00563142575212102
"558","X887",0.0652378220343761,-0.0394362826971631
"559","X888",0.0680654596653255,-0.0378057016290851
"560","X889",0.0730208860352799,-0.0228361346569891
"561","X890",-0.0326986150987979,0.0113089229044743
"562","X891",-0.0326476063997975,0.0113545638834329
"563","X892",-0.0322357335502519,0.0116430155918313
"564","X893",-0.0374967758172456,0.00726022324423799
"565","X894",-0.0326265395846877,0.00843437583541551
"566","X895",-0.0332123965744848,0.0101395035919022
"567","X896",-0.0333188932074827,0.00990001492405003
"568","X897",-0.0336919361036491,0.00805670810572504
"569","X898",-0.0332596299833965,-0.00962695541607912
"570","X899",-0.0292696080800771,-0.010557238961892
"571","X900",-0.0290891753952448,-0.0104569750391702
"572","X901",-0.0284986481309722,-0.0158542797936263
"573","X902",-0.027770976904447,-0.0164714306186306
"574","X903",-0.02580569007367,-0.018455489681611
"575","X904",-0.023701062026202,-0.017346790211754
"576","X905",-0.0214236391142335,-0.0198992209501152
"577","X906",-0.00702948847001891,0.043530241363193
"578","X907",-0.00702948847001891,0.043530241363193
"579","X908",-0.0042079840075899,0.0470875556226388
"580","X909",-0.00436753401433745,0.0470661185415806
"581","X910",-0.0042079840075899,0.0470875556226388
"582","X911",-0.0022509262982527,0.0471324115305889
"583","X913",0.071479760727194,0.012059881688882
"584","X914",0.0780011624652911,0.00116328684614517
"585","X915",0.0778925472385443,0.000958732597818823
"586","X916",0.0780466851429407,-0.000511911374897283
"587","X917",0.076494319768363,0.0186776231732024
"588","X918",0.0765696447553294,-0.000399868795766934
"589","X919",0.0767943171717866,-0.0104725795606456
"590","X920",0.0757213702033865,-0.0107323733741726
"591","X921",0.0746761083818373,-0.0136238918793718
"592","X922",0.0756823467402969,-0.0164207290670463
"593","X923",0.0667071183127226,-0.037060163106309
"594","X924",0.0667071183127226,-0.037060163106309
"595","X925",0.0662462175154517,-0.0375360619851173
"596","X926",0.0662462175154518,-0.0375360619851173
"597","X927",0.0686240648695755,-0.0367618208955286
"598","X928",-0.0328730384668121,0.0111415270228335
"599","X929",-0.0328322045119488,0.0111534966729732
"600","X930",-0.0328073890666079,0.0111455736238289
"601","X931",-0.0338628322828057,0.00945668286107964
"602","X932",-0.0336648467303587,0.00932090718253591
"603","X933",-0.0333188932074827,0.00990001492405003
"604","X934",-0.0336580307227863,0.00746318419529825
"605","X935",-0.0338133101088127,0.00715916255895168
"606","X936",-0.0329568938417827,0.00179524294581449
"607","X937",-0.0291643896904052,-0.00585408517418632
"608","X938",-0.0311017164972599,-0.0078375250366045
"609","X939",-0.0310918996880055,-0.0100328904661028
"610","X940",-0.0298627647012871,-0.012298151565471
"611","X941",-0.0218362803492504,-0.0157665651849963
"612","X942",-0.0226638955838749,-0.0127671407640151
"613","X943",-0.0250256503190579,0.00328077664026932
"614","X944",-0.0239997363662682,-0.0177446581244084
"615","X945",-0.0064398373398974,0.0440704750102123
"616","X946",-0.00471430792642573,0.0470563480009957
"617","X947",-0.00436753401433745,0.0470661185415806
"618","X948",-0.00436753401433745,0.0470661185415806
"619","X949",-0.00353831738413214,0.0471409541055124
"620","X950",-0.0022509262982527,0.0471324115305889
"621","X951",0.0772252111214822,0.0064608960729603
"622","X952",0.0775850152712018,-0.00258430429712432
"623","X953",0.0778691532795058,-0.0020736422247431
"624","X954",0.0768783382512434,0.0140725404878709
"625","X955",0.0765831623173855,-0.000851835302696087
"626","X956",0.076835160072412,-0.0104918173850489
"627","X957",0.0769879675528949,-0.0115122085108546
"628","X958",0.0746761083818373,-0.0136238918793718
"629","X959",0.0756823467402969,-0.0164207290670463
"630","X960",0.0667071183127226,-0.037060163106309
"631","X961",0.0662462175154517,-0.0375360619851173
"632","X962",0.0662462175154517,-0.0375360619851173
"633","X963",0.0662462175154517,-0.0375360619851173
"634","X964",0.0662462175154517,-0.0375360619851173
"635","X965",-0.0329290856808382,0.0110933517470798
"636","X966",-0.0328322045119488,0.0111534966729732
"637","X967",-0.0328322045119488,0.0111534966729732
"638","X968",-0.0321804546842185,0.00872789548376293
"639","X969",-0.0360297977341831,0.000522840903641579
"640","X970",-0.0329797030055243,0.00325189665439543
"641","X971",-0.0330626977539268,0.00127724923147141
"642","X972",-0.0324529647354412,0.00234341433065311
"643","X973",-0.0329380566229116,0.0017150262124804
"644","X974",-0.0291372070966787,-0.00573666535040254
"645","X975",-0.029125427450838,-0.00580961786133397
"646","X976",-0.0274173166476295,-0.00841100469090992
"647","X977",-0.0274577720404214,-0.0081111904975328
"648","X978",-0.0242618872277482,0.00424647843118675
"649","X979",-0.0242618872277482,0.00424647843118675
"650","X980",-0.0246361696552582,0.0030197777320823
"651","X981",-0.0239039855975049,-0.0176931107445755
"652","X982",-0.0239997363662682,-0.0177446581244084
"653","X983",-0.00667065301166533,0.0438451202247848
"654","X984",-0.00647778593034,0.0435324126583587
"655","X985",-0.00305133405495149,0.0471830906551048
"656","X986",-0.0022509262982527,0.0471324115305888
"657","X987",-0.0022509262982527,0.0471324115305889
"658","X988",0.0676366439575111,-0.0399661825632813
"659","X989",0.078472231122102,0.000543423086711256
"660","X990",0.0765120101475591,-0.0033023969280193
"661","X991",0.0763045492862944,-0.0026429316415272
"662","X992",0.0768288127784984,-0.000671893438711719
"663","X993",0.0770966016700373,-0.0105577444197327
"664","X994",0.0757213702033865,-0.0107323733741726
"665","X995",0.0737897867622787,-0.0174423364206731
"666","X996",0.0746754087636645,-0.023490594149287
"667","X997",0.0747516914703409,-0.0247437352886477
"668","X998",0.0662462175154517,-0.0375360619851173
"669","X999",0.0662462175154517,-0.0375360619851173
"670","X1000",0.0662462175154517,-0.0375360619851173
"671","X1001",-0.0369297750468066,0.00369963844055994
"672","X1002",-0.0328784119880877,0.00641716303763746
"673","X1003",-0.0301784213071166,-0.00479084184131796
"674","X1004",-0.0302337407562217,-0.00446335589091566
"675","X1005",-0.0340035184670639,-0.00354970311655289
"676","X1006",-0.0294096243646848,-0.00409934629324405
"677","X1007",-0.0290703238849461,-0.00408367794606146
"678","X1008",-0.0324318561004016,0.00243186152294231
"679","X1009",-0.0291503271596341,-0.00552828318062298
"680","X1010",-0.0290614627451166,-0.00546636731191382
"681","X1011",-0.0288811948744642,-0.00497051896099659
"682","X1012",-0.0269341295070789,-0.0084741195840869
"683","X1013",-0.0247404879839465,-0.0112583247480457
"684","X1014",-0.0240811355537347,-0.0120609274939936
"685","X1015",-0.0242618872277482,0.00424647843118675
"686","X1016",-0.0230283740028307,-0.00308864694230224
"687","X1017",-0.0238348015075321,-0.00657986839945057
"688","X1018",-0.0252116537644188,0.00385268053438659
"689","X1019",-0.00533376564619167,-0.00396201419802281
"690","X1020",-0.00654829453976801,0.0433187263039549
"691","X1021",-0.00614926714994661,0.0439040729806495
"692","X1022",-0.00623680026340848,0.0434315851788102
"693","X1023",-0.00252436128970002,0.047129198007582
"694","X1024",-0.00225092629825271,0.0471324115305889
"695","X1025",0.0676366439575109,-0.0399661825632815
"696","X1026",0.0738400231674441,0.0221915694580502
"697","X1027",0.0768778360895161,0.000956516791764216
"698","X1028",0.0746751641828952,-0.0114166923019095
"699","X1029",0.0756531719845997,-0.00946450631791406
"700","X1030",0.0757886941754889,-0.010611136836027
"701","X1031",0.0757886941754889,-0.010611136836027
"702","X1032",0.0756902089462731,-0.0157353341430811
"703","X1033",0.0630919300809965,-0.0427157339062394
"704","X1034",0.0662433866910894,-0.0376597611716866
"705","X1035",0.0662462175154518,-0.0375360619851173
"706","X1036",0.0662462175154517,-0.0375360619851173
"707","X1037",-0.0311886200214389,0.0137952806763241
"708","X1038",-0.0311285768659658,0.013930807494073
"709","X1039",-0.0306634730873939,0.012711654412064
"710","X1040",-0.0310592451191489,0.0137953185374689
"711","X1041",-0.0316339910899097,0.00529257940386453
"712","X1042",-0.0311543524723484,0.0130574672097623
"713","X1043",-0.0342639356469529,-0.00463441063625365
"714","X1044",-0.0342808165984382,-0.00400115218008932
"715","X1045",-0.0300878807699802,-0.0049132362588215
"716","X1046",-0.0305346532054889,-0.004084888053223
"717","X1047",-0.0300660670703382,-0.00436861447461038
"718","X1048",-0.0294532238563747,-0.00486907897901068
"719","X1049",-0.0293125431960044,-0.00466994781833584
"720","X1050",-0.0289451016334345,-0.00454467693738526
"721","X1051",-0.0291058096248315,-0.00392329638364892
"722","X1052",-0.0265319326669297,-0.00364428609738564
"723","X1053",-0.0265319326669297,-0.00364428609738564
"724","X1054",-0.0273519016591969,-0.00767518495946921
"725","X1055",-0.0274125495507879,-0.0075103777530666
"726","X1056",-0.0246780212968631,-0.0106074019432134
"727","X1057",-0.0242969062730122,-0.0106436599824926
"728","X1058",-0.0242618872277482,0.00424647843118675
"729","X1059",-0.0260487465338954,-0.011525609295713
"730","X1060",-0.0247446573957454,0.00294173738693211
"731","X1061",-0.00631234205523332,-0.00412920166308611
"732","X1063",-0.00614926714994661,0.0439040729806495
"733","X1064",-0.00502977574474356,0.0470229133838183
"734","X1065",0.0714620228482626,0.0336866698268766
"735","X1066",0.0749825197593471,0.0166992728122324
"736","X1067",0.076853932915214,0.00323574018819905
"737","X1068",0.0758831375636749,-0.0057525206447918
"738","X1069",0.0648558751057567,-0.0225877340238174
"739","X1070",0.0753395668798306,-0.0139772584058222
"740","X1071",0.0753967306173808,-0.015077505833511
"741","X1072",0.0752801541686698,-0.0225507688554411
"742","X1073",0.0663394088209961,-0.0373878391478065
"743","X1074",0.0662462175154517,-0.0375360619851173
"744","X1075",-0.0309741324866955,0.0127844799741819
"745","X1076",-0.0309682941825423,0.0127997257037299
"746","X1077",-0.0315658077264666,-0.000521128206704479
"747","X1078",-0.0311509284163444,-0.000284389511486055
"748","X1079",-0.0311509284163444,-0.000284389511486055
"749","X1080",-0.0296197582681931,-0.00188714794709015
"750","X1081",-0.0298920594647295,-0.00314868951713873
"751","X1082",-0.0302579818913466,-0.0034311515112991
"752","X1083",-0.0325101208193228,-0.00567734795662125
"753","X1084",-0.031218613187017,-0.00403619152044681
"754","X1085",-0.0297878990620438,-0.00671818302935729
"755","X1086",-0.0299479637909033,-0.00593276005951107
"756","X1087",-0.0298277518496776,-0.00412555218050717
"757","X1088",-0.0276570979382314,-0.00328737436857576
"758","X1089",-0.0276763016898302,-0.00335351451853567
"759","X1090",-0.0276763016898302,-0.00335351451853567
"760","X1091",-0.0275886399606045,-0.00271608371051907
"761","X1092",-0.0270424335705511,-0.00328844753920773
"762","X1093",-0.027324292170597,-0.00366026543190112
"763","X1094",-0.0267895380819129,-0.00412258453321073
"764","X1095",-0.028136427517441,-0.00756695046256757
"765","X1096",-0.0251476305579434,-0.00199750804344752
"766","X1097",-0.0243715465014591,-0.000611383489851192
"767","X1098",-0.0256774336295347,-0.010472479066858
"768","X1099",-0.0249344430230735,-0.0106371672655928
"769","X1100",-0.0265838843137047,-0.0114419150957381
"770","X1101",-0.0265838843137047,-0.0114419150957381
"771","X1102",-0.0250746252626775,0.0036560005089561
"772","X1103",-0.0289129983047858,0.00646596911485868
"773","X1106",-0.0160915699226357,0.0305178096408097
"774","X1107",-0.00478589070888764,0.0434754534686036
"775","X1108",0.024652484384106,0.0507220269513452
"776","X1109",0.0704857646065857,0.0137530283238177
"777","X1110",0.0717175986049936,0.031987025067706
"778","X1111",0.0739959664762915,0.0169357899104646
"779","X1112",0.0774252327519326,0.00755083447583357
"780","X1113",0.0753088530172679,-0.0115721578172951
"781","X1114",0.0530507285785131,-0.0304699339023326
"782","X1115",0.06534291251507,-0.0192860666798144
"783","X1116",0.0746172907753911,-0.019017851521123
"784","X1117",0.0570372500275071,-0.0499258899481663
"785","X1118",0.0670295291246128,-0.035609050566364
"786","X1119",-0.0326102125598344,-0.00196710271538372
"787","X1120",-0.0316600052270272,-0.000687380708726683
"788","X1121",-0.0316088253590327,-0.000607560538530016
"789","X1122",-0.030899966620915,4.58756684232515e-05
"790","X1123",-0.0309334911414969,-0.000776398124731634
"791","X1124",-0.0309334911414969,-0.000776398124731634
"792","X1125",-0.0293242238875921,-0.00214405875503941
"793","X1126",-0.0300388539752707,-0.00276602938229581
"794","X1127",-0.0304681386295494,-0.00298586477149401
"795","X1128",-0.0325776900214479,-0.00548419555541695
"796","X1129",-0.027993881233986,-0.0174555810622072
"797","X1130",-0.0287129914304397,-0.0107331329796159
"798","X1131",-0.0260878026291451,-0.0042406985805948
"799","X1132",-0.027324292170597,-0.00366026543190112
"800","X1133",-0.0283116167342312,-0.00687024307168906
"801","X1134",-0.0283116167342312,-0.00687024307168906
"802","X1135",-0.027324292170597,-0.00366026543190112
"803","X1136",-0.0267830600097689,-0.00387454790158188
"804","X1137",-0.0267830600097689,-0.00387454790158188
"805","X1138",-0.0256126528057763,0.00221818870963932
"806","X1139",-0.0283116167342312,-0.00687024307168906
"807","X1140",-0.0283116167342312,-0.00687024307168906
"808","X1141",-0.0251476305579434,-0.00199750804344752
"809","X1142",-0.0243715465014591,-0.000611383489851192
"810","X1143",-0.0256774336295347,-0.010472479066858
"811","X1144",-0.0256774336295347,-0.010472479066858
"812","X1145",-0.0273283537955267,-0.010804239812562
"813","X1146",-0.0267885938293746,-0.0111157823527819
"814","X1147",-0.0252697863092501,-0.0115450101350441
"815","X1148",-0.024778217966576,0.00323258118741422
"816","X1149",-0.495220907515289,0.028450245878202
"817","X1151",-0.0168734586349309,0.0294230660883957
"818","X1152",-0.00489484038314356,0.0430296062062051
"819","X1153",0.024652484384106,0.0507220269513452
"820","X1154",0.0612482311507035,-0.00665164877908318
"821","X1155",0.075644814895262,0.00990577114899051
"822","X1156",0.0704172302469496,-0.0064179395199561
"823","X1157",0.0753088530172679,-0.0115721578172951
"824","X1158",0.0530507285785131,-0.0304699339023326
"825","X1159",0.0530507285785131,-0.0304699339023326
"826","X1160",0.0530507285785131,-0.0304699339023326
"827","X1161",0.0553978736228804,-0.0269818831165798
"828","X1162",-0.0316742958827316,-0.00142540414482955
"829","X1163",-0.0316742958827316,-0.00142540414482955
"830","X1164",-0.0287526845252204,0.00137417725690116
"831","X1165",-0.026117409411495,0.00690942154213112
"832","X1166",-0.0291477218998246,-1.6461080954985e-06
"833","X1167",-0.0280217803726873,0.000573529252543611
"834","X1168",-0.0269206783641582,-0.00747562669356909
"835","X1169",-0.0277206264776813,-0.00850807965805025
"836","X1170",-0.0277206264776813,-0.00850807965805025
"837","X1171",-0.0287003517921661,-0.0111163418044273
"838","X1172",-0.0287003517921661,-0.0111163418044273
"839","X1173",-0.0287129914304397,-0.0107331329796159
"840","X1174",-0.0266522052383923,-0.0032292549029208
"841","X1175",-0.0266522052383923,-0.0032292549029208
"842","X1176",-0.0283116167342312,-0.00687024307168906
"843","X1177",-0.0283116167342312,-0.00687024307168906
"844","X1178",-0.0283116167342312,-0.00687024307168906
"845","X1179",-0.0283116167342312,-0.00687024307168906
"846","X1180",-0.0266522052383923,-0.0032292549029208
"847","X1181",-0.0266522052383923,-0.0032292549029208
"848","X1182",-0.0266522052383923,-0.0032292549029208
"849","X1183",-0.0266522052383923,-0.0032292549029208
"850","X1184",-0.0251476305579434,-0.00199750804344752
"851","X1185",-0.0251476305579434,-0.00199750804344752
"852","X1186",-0.0266704874001974,-0.0100900419214171
"853","X1187",-0.0254673046453575,-0.0107118398481059
"854","X1188",-0.0254036895350548,-0.0118735755440958
"855","X1189",-0.0251169579430854,0.00467022411300613
"856","X1190",-0.0250480414957888,0.00585507943532713
"857","X1191",-0.027760344349362,0.00729203936791354
"858","X1192",-0.0276413071217404,0.00833542050471399
"859","X1194",-0.0150427856274848,0.0334425491764501
"860","X1195",-0.0172770115917708,0.0283314630044247
"861","X1196",-0.00942942664783223,0.0397879988194569
"862","X1197",0.0565065127576431,-0.0078506323578842
"863","X1198",0.0704172302469496,-0.00641793951995608
"864","X1199",-0.0325671694812347,-0.0028581247949572
"865","X1200",-0.0325671694812347,-0.0028581247949572
"866","X1201",-0.0304186789501302,0.000793959983395763
"867","X1202",-0.026117409411495,0.00690942154213112
"868","X1203",-0.0269778869727931,0.00103580609105163
"869","X1204",-0.0269778869727931,0.00103580609105163
"870","X1205",-0.0269778869727931,0.00103580609105163
"871","X1206",-0.0260512352828647,-0.00107825483959499
"872","X1207",-0.0266522052383923,-0.0032292549029208
"873","X1208",-0.0266522052383923,-0.0032292549029208
"874","X1209",-0.0266522052383923,-0.0032292549029208
"875","X1210",-0.0266522052383923,-0.0032292549029208
"876","X1211",-0.0266522052383923,-0.0032292549029208
"877","X1212",-0.0266522052383923,-0.0032292549029208
"878","X1213",-0.0266522052383923,-0.0032292549029208
"879","X1214",-0.0266522052383923,-0.0032292549029208
"880","X1215",-0.0266522052383923,-0.0032292549029208
"881","X1216",-0.0266522052383923,-0.0032292549029208
"882","X1217",-0.0266522052383923,-0.0032292549029208
"883","X1218",-0.0266522052383923,-0.0032292549029208
"884","X1219",-0.0266522052383923,-0.0032292549029208
"885","X1220",-0.0266522052383923,-0.0032292549029208
"886","X1221",-0.0266522052383923,-0.0032292549029208
"887","X1222",-0.0266522052383923,-0.0032292549029208
"888","X1223",-0.0251476305579434,-0.00199750804344752
"889","X1224",-0.0270143908513172,-0.00989253225365909
"890","X1225",-0.025259231056949,-0.010807597977106
"891","X1226",-0.0273283537955267,-0.010804239812562
"892","X1227",-0.0251169579430854,0.00467022411300613
"893","X1228",-0.00621345456059353,-0.003764681343536
"894","X1229",-0.0149077580140548,0.0335902320777538
"895","X1230",-0.0174882866504306,0.0274261215818411
"896","X1231",-0.00456529099060862,0.0430283421413398
"897","X1232",-0.00806285912819121,0.0429760042923827
"898","X1233",-0.00800438108792956,0.0426829723849923
"899","X1234",0.0565065127576431,-0.00785063235788418
"900","X1235",0.0565065127576431,-0.0078506323578842
"901","X1236",-0.0264169133269709,-0.0178126910479656
"902","X1237",-0.0285703772751966,0.00247718489993895
"903","X1238",-0.0311956471665514,-0.00205904853997554
"904","X1239",-0.026117409411495,0.00690942154213112
"905","X1240",-0.0269778869727931,0.00103580609105164
"906","X1241",-0.0269778869727931,0.00103580609105163
"907","X1242",-0.0269778869727931,0.00103580609105163
"908","X1243",-0.0260512352828647,-0.00107825483959499
"909","X1244",-0.0266522052383923,-0.0032292549029208
"910","X1245",-0.0266522052383923,-0.0032292549029208
"911","X1246",-0.0266522052383923,-0.0032292549029208
"912","X1247",-0.0266522052383923,-0.0032292549029208
"913","X1248",-0.0266522052383923,-0.0032292549029208
"914","X1249",-0.0266522052383923,-0.0032292549029208
"915","X1250",-0.0266522052383923,-0.0032292549029208
"916","X1251",-0.0266522052383923,-0.0032292549029208
"917","X1252",-0.0266522052383923,-0.0032292549029208
"918","X1253",-0.0266522052383923,-0.0032292549029208
"919","X1254",-0.0266522052383923,-0.0032292549029208
"920","X1255",-0.0266522052383923,-0.0032292549029208
"921","X1256",-0.0266522052383923,-0.0032292549029208
"922","X1257",-0.0265251276075109,-0.000962853824417559
"923","X1258",-0.0265251276075109,-0.000962853824417559
"924","X1259",-0.0265251276075109,-0.000962853824417559
"925","X1260",-0.0243715465014591,-0.000611383489851192
"926","X1261",-0.0243715465014591,-0.000611383489851193
"927","X1262",-0.027712357219354,-0.00988921426216933
"928","X1263",-0.0273283537955267,-0.010804239812562
"929","X1264",-0.0253953593124152,0.00458887682316125
"930","X1265",-0.00496916352067519,0.00252206753559277
"931","X1266",-0.00496916352067521,0.00252206753559277
"932","X1267",-0.0153684583109973,0.032532486851599
"933","X1268",-0.0168691680129923,0.0292948149888013
"934","X1269",-0.0174882866504306,0.0274261215818411
"935","X1270",-0.00555620735947574,0.0425521560283061
"936","X1271",-0.00744331342493409,0.0433793309166146
"937","X1272",-0.00942942664783223,0.0397879988194569
"938","X1273",-0.010376180450005,0.0391820566121752
"939","X1274",-0.00100335785258735,0.0438319859922164
"940","X1275",-0.000216445837290917,0.0415161735383488
"941","X1276",0.0560524813991448,-0.00918034801639916
"942","X1277",0.0589524471238691,-0.00911201512371624
"943","X1278",0.0565065127576431,-0.00785063235788418
"944","X1279",0.0565065127576431,-0.00785063235788418
"945","X1280",-0.0266240429361179,0.00279415331252919
"946","X1281",-0.0266240429361179,0.00279415331252919
"947","X1282",-0.0266386768314806,0.00125740701211214
"948","X1283",-0.0269778869727931,0.00103580609105163
"949","X1284",-0.0269778869727931,0.00103580609105163
"950","X1285",-0.0269778869727931,0.00103580609105163
"951","X1286",-0.0269778869727931,0.00103580609105164
"952","X1287",-0.0260512352828647,-0.00107825483959499
"953","X1288",-0.0266522052383923,-0.0032292549029208
"954","X1289",-0.0266522052383923,-0.0032292549029208
"955","X1290",-0.0266522052383923,-0.0032292549029208
"956","X1291",-0.0266522052383923,-0.0032292549029208
"957","X1292",-0.0266522052383923,-0.0032292549029208
"958","X1293",-0.0266522052383923,-0.0032292549029208
"959","X1294",-0.0266522052383923,-0.0032292549029208
"960","X1295",-0.0266522052383923,-0.0032292549029208
"961","X1296",-0.0265251276075109,-0.000962853824417559
"962","X1297",-0.0265251276075109,-0.000962853824417559
"963","X1298",-0.0265251276075109,-0.000962853824417559
"964","X1299",-0.0265251276075109,-0.000962853824417559
"965","X1300",-0.0266522052383923,-0.0032292549029208
"966","X1301",-0.0286539324573862,0.000912952089509564
"967","X1302",-0.0286539324573862,0.000912952089509565
"968","X1303",-0.0286539324573862,0.000912952089509565
"969","X1304",-0.0243715465014591,-0.000611383489851192
"970","X1305",-0.0243715465014591,-0.000611383489851192
"971","X1306",-0.0252195068069667,0.00481693556912512
"972","X1307",-0.0275287207162143,-0.0108094746658152
"973","X1308",-0.0049691635206752,0.00252206753559276
"974","X1309",-0.0049691635206752,0.00252206753559277
"975","X1310",-0.0049691635206752,0.00252206753559277
"976","X1312",-0.0153684583109973,0.032532486851599
"977","X1313",-0.00356241232033713,0.0221032151087121
"978","X1314",-0.0174882866504306,0.0274261215818411
"979","X1315",-0.0048578502053233,0.0414315501987766
"980","X1316",-0.00643201189348235,0.0427057808473141
"981","X1317",-0.00947250634937664,0.0397403967947613
"982","X1318",-0.00046338101907,0.0423273445468548
"983","X1319",-0.00202198235619519,0.0426463958380686
"984","X1320",-0.00208707149005279,0.0427715650057981
"985","X1321",0.00300548725028311,0.0103208432348674
"986","X1322",0.0486747916351731,-0.00657323330043096
"987","X1323",0.0486747916351731,-0.00657323330043096
"988","X1324",0.0589524471238691,-0.00911201512371622
"989","X1325",0.0560524813991448,-0.00918034801639914
"990","X1326",0.0589524471238691,-0.00911201512371618
"991","X1327",-0.0266240429361179,0.00279415331252919
"992","X1328",-0.0266240429361179,0.00279415331252919
"993","X1329",-0.0266386768314806,0.00125740701211214
"994","X1330",-0.0265251276075109,-0.000962853824417559
"995","X1331",-0.0265251276075109,-0.000962853824417559
"996","X1332",-0.0269778869727931,0.00103580609105164
"997","X1333",-0.0269778869727931,0.00103580609105164
"998","X1334",-0.0266522052383923,-0.0032292549029208
"999","X1335",-0.0266522052383923,-0.0032292549029208
"1000","X1336",-0.0265251276075109,-0.000962853824417559
"1001","X1337",-0.0265251276075109,-0.000962853824417559
"1002","X1338",-0.0265251276075109,-0.000962853824417559
"1003","X1339",-0.00545965300898398,-0.00429486746111418
"1004","X1340",-0.00440088414262184,-0.00505184623927639
"1005","X1341",-0.00440088414262184,-0.00505184623927639
"1006","X1342",-0.00440088414262184,-0.00505184623927639
"1007","X1343",-0.00440088414262184,-0.00505184623927639
"1008","X1344",-0.00440088414262183,-0.00505184623927639
"1009","X1345",-0.00440088414262184,-0.00505184623927639
"1010","X1346",-0.00440088414262183,-0.00505184623927639
"1011","X1347",-0.00440088414262184,-0.00505184623927639
"1012","X1349",-0.00440088414262183,-0.00505184623927639
"1013","X1350",-0.00440088414262184,-0.00505184623927639
"1014","X1351",-0.00398327203758503,-0.00529172006791199
"1015","X1352",-0.00432271815614225,0.00199942807866814
"1016","X1353",-0.0256752923062011,0.00393379356014249
"1017","X1354",-0.0253953593124152,0.00458887682316125
"1018","X1355",-0.00496916352067521,0.00252206753559277
"1019","X1356",-0.00496916352067521,0.00252206753559276
"1020","X1357",-0.00496916352067519,0.00252206753559277
"1021","X1360",-0.00390158719019858,0.0220431881574813
"1022","X1361",-0.00356241232033713,0.0221032151087121
"1023","X1362",-0.00116606435985267,0.0201722775333042
"1024","X1363",0.00191118939759638,0.021221043924117
"1025","X1364",0.00811138755091364,0.0316798629233579
"1026","X1365",-0.00448779728894659,0.0413926179217534
"1027","X1366",-0.00416185709296238,0.0424856787119777
"1028","X1367",-0.00416185709296236,0.0424856787119777
"1029","X1368",-0.000157366709800366,0.0431349995179526
"1030","X1369",2.83514090587117e-05,0.0430750310815625
"1031","X1370",0.00300548725028311,0.0103208432348674
"1032","X1373",0.0486747916351731,-0.00657323330043096
"1033","X1374",0.0565065127576431,-0.00785063235788418
"1034","X1375",0.0589524471238691,-0.00911201512371619
"1035","X1376",0.0560524813991448,-0.00918034801639917
"1036","X1377",0.0560524813991448,-0.00918034801639914
"1037","X1378",-0.0286539324573862,0.000912952089509564
"1038","X1379",-0.0265262941709194,0.00374646686429927
"1039","X1380",-0.00497553709586241,-0.00418186887309338
"1040","X1381",-0.00440088414262184,-0.00505184623927639
"1041","X1382",-0.00440088414262184,-0.00505184623927639
"1042","X1383",-0.0286539324573862,0.000912952089509565
"1043","X1384",-0.0286539324573862,0.000912952089509565
"1044","X1385",-0.0286539324573862,0.000912952089509564
"1045","X1386",-0.0286539324573862,0.000912952089509564
"1046","X1387",-0.00440088414262183,-0.00505184623927639
"1047","X1388",-0.00440088414262183,-0.00505184623927639
"1048","X1389",-0.00440088414262184,-0.00505184623927639
"1049","X1390",-0.00545965300898398,-0.00429486746111418
"1050","X1391",-0.00440088414262184,-0.00505184623927639
"1051","X1402",-0.0043529578247218,-0.00575353765977365
"1052","X1403",-0.00435295782472183,-0.00575353765977365
"1053","X1404",-0.00621345456059353,-0.003764681343536
"1054","X1405",-0.00496916352067521,0.00252206753559277
"1055","X1406",-0.00496916352067521,0.00252206753559277
"1056","X1412",-0.00584035173323676,0.0208849267290833
"1057","X1413",-0.00170646948689714,0.0203286991955456
"1058","X1414",-0.00170646948689714,0.0203286991955456
"1059","X1415",-0.00250122396472482,0.0214575834695132
"1060","X1416",-0.00472674834673319,0.0198379953279223
"1061","X1417",-0.00494676100492963,0.0424006320723292
"1062","X1418",-0.00314988915543098,0.0417243578851169
"1063","X1419",-0.00427912431065658,0.0414763202074293
"1064","X1420",-0.0031783429842483,0.0420256567724497
"1065","X1421",-0.00101585832560978,0.0422165884238217
"1066","X1422",-0.00021576603846142,0.0431603624344756
"1067","X1423",0.00300548725028311,0.0103208432348674
"1068","X1426",0.0486747916351731,-0.00657323330043096
"1069","X1427",0.0486747916351731,-0.00657323330043096
"1070","X1428",0.0560524813991448,-0.00918034801639914
"1071","X1429",0.0490348695173909,0.00927299171187265
"1072","X1431",-0.00517879240048662,0.00292839442556316
"1073","X1432",-0.00517879240048658,0.00292839442556314
"1074","X1437",-0.00440088414262183,-0.00505184623927639
"1075","X1438",-0.00440088414262184,-0.00505184623927639
"1076","X1439",-0.00440088414262184,-0.00505184623927639
"1077","X1442",-0.00545965300898398,-0.00429486746111418
"1078","X1443",-0.00440088414262183,-0.00505184623927638
"1079","X1446",-0.00432271815614225,0.00199942807866814
"1080","X1447",-0.00432271815614225,0.00199942807866814
"1081","X1454",-0.00435295782472184,-0.00575353765977364
"1082","X1466",-0.00170646948689714,0.0203286991955456
"1083","X1467",-0.00170646948689714,0.0203286991955456
"1084","X1468",-0.00170646948689714,0.0203286991955456
"1085","X1469",-0.00250122396472482,0.0214575834695132
"1086","X1470",-0.00250122396472481,0.0214575834695132
"1087","X1471",-0.00472674834673319,0.0198379953279223
"1088","X1472",-0.00472674834673319,0.0198379953279223
"1089","X1473",-0.00494676100492965,0.0424006320723291
"1090","X1474",-0.00297897595168417,0.041219615549923
"1091","X1475",-0.00297897595168417,0.041219615549923
"1092","X1476",-0.00101585832560978,0.0422165884238217
"1093","X1477",-0.00116277421024211,0.0422049600718821
"1094","X1478",-0.00157199867741968,0.0426904495331449
"1095","X1482",0.0486747916351731,-0.00657323330043096
"1096","X1483",0.0560524813991448,-0.00918034801639913
"1097","X1500",-0.00432271815614226,0.00199942807866814
"1098","X1501",-0.00432271815614226,0.00199942807866815
"1099","X1502",-0.00432271815614225,0.00199942807866815
"1100","X1521",-0.00323184659908071,0.0197945889400149
"1101","X1522",-0.00170646948689714,0.0203286991955456
"1102","X1523",-0.00323184659908071,0.0197945889400149
"1103","X1524",-0.00323184659908071,0.0197945889400149
"1104","X1525",-0.00250122396472482,0.0214575834695132
"1105","X1526",-0.00250122396472482,0.0214575834695132
"1106","X1527",-0.00472674834673319,0.0198379953279223
"1107","X1528",-0.00472674834673319,0.0198379953279223
"1108","X1529",-0.00534366172849414,0.0419566608561687
"1109","X1530",-0.00454867838378868,0.0418224087732459
"1110","X1531",-0.00305745758690558,0.0411512864404208
"1111","X1532",-0.00297897595168416,0.041219615549923
"1112","X1533",-0.000852644210210559,0.0423223251874246
"1113","X1534",-0.00112936161403341,0.0415300701114465
"1114","X1535",0.000234592845433998,0.0416641034550526
"1115","X1536",-0.000703919505571886,0.0405766994867869
"1116","X1540",0.0486747916351731,-0.00657323330043096
"1117","X1557",-0.00432271815614225,0.00199942807866814
"1118","X1558",-0.00432271815614225,0.00199942807866814
"1119","X1559",-0.00432271815614225,0.00199942807866814
"1120","X1579",-0.00323184659908071,0.0197945889400149
"1121","X1580",-0.00323184659908071,0.0197945889400149
"1122","X1581",-0.00323184659908071,0.0197945889400149
"1123","X1582",-0.00323184659908071,0.0197945889400149
"1124","X1583",-0.00323184659908071,0.0197945889400149
"1125","X1584",-0.00250122396472482,0.0214575834695132
"1126","X1585",-0.00472674834673319,0.0198379953279223
"1127","X1586",-0.00472674834673319,0.0198379953279223
"1128","X1587",-0.00472674834673319,0.0198379953279223
"1129","X1588",0.00796481626777364,0.0312320908646514
"1130","X1589",-0.00445453808316095,0.0418605278313823
"1131","X1590",-0.00384950757220828,0.0412955384878464
"1132","X1591",-0.00366173914131028,0.0409860101389031
"1133","X1592",-0.00305745758690558,0.0411512864404208
"1134","X1593",-0.00241660159281959,0.0415921160581958
"1135","X1594",-0.000852644210210559,0.0423223251874246
"1136","X1595",-0.00112936161403341,0.0415300701114465
"1137","X1596",0.000477482613194746,0.0419044559506531
"1138","X1597",-0.000245757417789048,0.0411680795872512
"1139","X1598",0.00915456793307991,0.0403051296445274
"1140","X1599",0.00915430267160086,0.0324516370204319
"1141","X1600",0.00850425740310841,0.0320047665342259
"1142","X1605",0.0486747916351731,-0.00657323330043096
"1143","X1641",0.001366468293495,0.0130158019964887
"1144","X1642",0.00136646829349498,0.0130158019964887
"1145","X1643",-0.00323184659908071,0.0197945889400149
"1146","X1644",-0.00323184659908071,0.0197945889400149
"1147","X1645",-0.00323184659908071,0.0197945889400149
"1148","X1646",-0.00323184659908071,0.0197945889400149
"1149","X1647",-0.00250122396472481,0.0214575834695132
"1150","X1648",-0.00250122396472482,0.0214575834695132
"1151","X1649",-0.00472674834673319,0.0198379953279223
"1152","X1650",0.00796481626777364,0.0312320908646514
"1153","X1651",-0.00541505446678018,0.0417055726434617
"1154","X1652",-0.00390329955387562,0.0413527398092097
"1155","X1653",-0.00390329955387561,0.0413527398092097
"1156","X1654",-0.0033735129400409,0.0410305835025675
"1157","X1655",-0.00305745758690558,0.0411512864404209
"1158","X1656",-0.000644012784303274,0.0417711378104463
"1159","X1657",-0.00201980776396831,0.0411992623411166
"1160","X1658",-0.00197306111564511,0.0441173002631982
"1161","X1659",-0.000517360165515326,0.0407449894239951
"1162","X1660",0.00836516652178837,0.0410618416930953
"1163","X1661",0.0107797588716837,0.0350923786600915
"1164","X1662",0.00350477510141775,0.0247031674608784
"1165","X1663",0.0116053011471267,0.0347766164383814
"1166","X1664",0.000434355675468196,0.0186095750325561
"1167","X1665",0.000434355675468195,0.0186095750325561
"1168","X1666",0.00417338141961572,0.010313627809032
"1169","X1708",0.00136646829349499,0.0130158019964887
"1170","X1709",0.001366468293495,0.0130158019964887
"1171","X1710",0.00136646829349498,0.0130158019964887
"1172","X1711",0.00136646829349499,0.0130158019964887
"1173","X1712",-0.00323184659908071,0.0197945889400149
"1174","X1713",-0.00323184659908071,0.0197945889400149
"1175","X1714",-0.00323184659908071,0.0197945889400149
"1176","X1715",-0.00323184659908071,0.0197945889400149
"1177","X1716",-0.00323184659908071,0.0197945889400149
"1178","X1717",-0.00323184659908071,0.0197945889400149
"1179","X1718",0.00796481626777364,0.0312320908646514
"1180","X1719",0.00833244833866621,0.0321453052498712
"1181","X1720",-0.00103719341220226,0.0410933069587947
"1182","X1721",-0.00209618648269999,0.0414641112941276
"1183","X1722",-0.00390329955387561,0.0413527398092097
"1184","X1723",-0.00250142413199476,0.0412124980909986
"1185","X1724",-0.0033735129400409,0.0410305835025675
"1186","X1725",-0.00159367376320378,0.0411087898029782
"1187","X1726",-0.0102619374668985,0.037022120949411
"1188","X1727",0.0092849692821409,0.032261904177012
"1189","X1728",0.0107797588716837,0.0350923786600915
"1190","X1729",0.0107797588716837,0.0350923786600915
"1191","X1730",0.0107797588716837,0.0350923786600915
"1192","X1731",0.00350477510141775,0.0247031674608784
"1193","X1732",0.00350477510141775,0.0247031674608784
"1194","X1733",0.000434355675468202,0.0186095750325561
"1195","X1734",0.000434355675468196,0.0186095750325561
"1196","X1735",0.000434355675468195,0.0186095750325561
"1197","X1780",0.00136646829349499,0.0130158019964887
"1198","X1781",0.001366468293495,0.0130158019964887
"1199","X1782",0.00136646829349499,0.0130158019964887
"1200","X1783",0.001366468293495,0.0130158019964887
"1201","X1784",-0.00323184659908071,0.0197945889400149
"1202","X1785",-0.00323184659908071,0.0197945889400149
"1203","X1786",-0.00323184659908071,0.0197945889400149
"1204","X1787",-0.00323184659908071,0.0197945889400149
"1205","X1788",-0.00495121380475776,0.0188781377756147
"1206","X1789",0.0103735403307621,0.0357045632529794
"1207","X1790",0.0103735403307621,0.0357045632529794
"1208","X1791",0.0103735403307621,0.0357045632529794
"1209","X1792",0.0083700860342749,0.0388549822187849
"1210","X1793",-0.00842205667518114,0.0383111075168015
"1211","X1794",-0.00821379595892724,0.038612955248006
"1212","X1795",-0.00250142413199476,0.0412124980909986
"1213","X1796",-0.0023777811027687,0.0412206254957677
"1214","X1797",-0.00163269184771928,0.0410648883922404
"1215","X1798",0.00998168488691084,0.0361988155463656
"1216","X1799",0.00913916909428548,0.0320812866511537
"1217","X1800",0.00799141850790609,0.0390569677857734
"1218","X1801",0.0079914185079061,0.0390569677857734
"1219","X1802",0.0079914185079061,0.0390569677857734
"1220","X1803",0.000917482062135445,0.0229493314864125
"1221","X1804",0.00168249812729906,0.0127739324186665
"1222","X1805",0.00168249812729906,0.0127739324186665
"1223","X1806",0.000434355675468195,0.0186095750325561
"1224","X1807",0.000434355675468202,0.0186095750325561
"1225","X1818",0.00304408462085425,0.00771675712778501
"1226","X1819",0.00304408462085425,0.00771675712778501
"1227","X1853",0.00136646829349499,0.0130158019964887
"1228","X1854",0.00136646829349498,0.0130158019964887
"1229","X1855",0.00136646829349499,0.0130158019964887
"1230","X1856",0.001366468293495,0.0130158019964887
"1231","X1857",0.00136646829349499,0.0130158019964887
"1232","X1858",0.00136646829349498,0.0130158019964887
"1233","X1859",0.00136646829349499,0.0130158019964887
"1234","X1860",-0.00495121380475776,0.0188781377756147
"1235","X1861",-0.00151219990333542,0.0219700650743546
"1236","X1862",0.0103735403307621,0.0357045632529794
"1237","X1863",0.0103735403307621,0.0357045632529794
"1238","X1864",0.008387834312988,0.0325875364047507
"1239","X1865",-0.000728198697478166,0.0202925469260985
"1240","X1866",-0.00563067931220236,0.0205960912254061
"1241","X1867",0.00162978526664332,0.0119435748564643
"1242","X1868",0.000671257647355893,0.0232643588828377
"1243","X1869",0.0118739661763667,0.0383187646753421
"1244","X1870",0.0105506871014472,0.0411653710248088
"1245","X1871",0.00946791759317487,0.032112892041631
"1246","X1872",-0.000271221302580782,0.0178239811510065
"1247","X1873",-0.00027122130258078,0.0178239811510065
"1248","X1874",-7.63542944805245e-05,0.0178565006617941
"1249","X1875",0.00496147920541607,0.02278546244156
"1250","X1876",0.00471607220727554,0.0238149512158043
"1251","X1877",0.00168249812729908,0.0127739324186665
"1252","X1878",0.00168249812729906,0.0127739324186665
"1253","X1879",0.00168249812729905,0.0127739324186665
"1254","X1880",0.00168249812729905,0.0127739324186665
"1255","X1881",0.00168249812729906,0.0127739324186665
"1256","X1882",0.000434355675468196,0.0186095750325561
"1257","X1900",0.00304408462085425,0.00771675712778501
"1258","X1901",0.00304408462085425,0.00771675712778501
"1259","X1902",0.00304408462085425,0.00771675712778501
"1260","X1934",0.00136646829349499,0.0130158019964887
"1261","X1935",0.00136646829349498,0.0130158019964887
"1262","X1936",0.001366468293495,0.0130158019964887
"1263","X1937",0.00136646829349498,0.0130158019964887
"1264","X1938",0.001366468293495,0.0130158019964887
"1265","X1939",0.00136646829349499,0.0130158019964887
"1266","X1940",0.00136646829349499,0.0130158019964887
"1267","X1941",-0.00151219990333542,0.0219700650743546
"1268","X1942",-0.00151219990333542,0.0219700650743546
"1269","X1943",-0.00563067931220236,0.0205960912254061
"1270","X1944",0.00199853462022103,0.0102659474134625
"1271","X1948",0.00136646829349498,0.0130158019964887
"1272","X1949",0.00162978526664332,0.0119435748564643
"1273","X1950",0.00162978526664334,0.0119435748564643
"1274","X1951",0.00171340460469434,0.0122266574771513
"1275","X1952",0.00171340460469435,0.0122266574771513
"1276","X1953",-0.00027122130258078,0.0178239811510065
"1277","X1954",-0.000271221302580782,0.0178239811510065
"1278","X1955",-0.000271221302580783,0.0178239811510065
"1279","X1956",-0.00027122130258078,0.0178239811510065
"1280","X1957",-0.00215311041122116,0.0170424471257904
"1281","X1958",-0.00027122130258078,0.0178239811510065
"1282","X1959",0.00136646829349499,0.0130158019964887
"1283","X1960",0.001366468293495,0.0130158019964887
"1284","X1961",0.00168249812729905,0.0127739324186665
"1285","X1962",0.00168249812729906,0.0127739324186665
"1286","X1963",0.00136646829349499,0.0130158019964887
"1287","X1983",0.00304408462085425,0.00771675712778501
"1288","X1984",0.00304408462085425,0.00771675712778501
"1289","X1985",0.00304408462085425,0.00771675712778502
"1290","X1986",0.00304408462085425,0.00771675712778501
"1291","X2006",0.001366468293495,0.0130158019964887
"1292","X2007",0.00136646829349499,0.0130158019964887
"1293","X2008",0.00136646829349499,0.0130158019964887
"1294","X2009",-0.00422139266354036,0.0184846644639549
"1295","X2010",-0.00422139266354036,0.0184846644639549
"1296","X2011",-0.00422139266354036,0.0184846644639549
"1297","X2012",-0.00179037216999055,0.0222437787769299
"1298","X2013",-0.00179037216999055,0.0222437787769299
"1299","X2014",0.00558983678445327,0.015298826870612
"1300","X2022",0.00162978526664334,0.0119435748564643
"1301","X2023",0.00171340460469434,0.0122266574771513
"1302","X2024",0.00168249812729906,0.0127739324186665
"1303","X2025",-0.00027122130258078,0.0178239811510065
"1304","X2026",-0.00027122130258078,0.0178239811510065
"1305","X2027",-0.00027122130258078,0.0178239811510065
"1306","X2028",-0.00027122130258078,0.0178239811510065
"1307","X2029",-0.00215311041122116,0.0170424471257904
"1308","X2030",-0.00215311041122116,0.0170424471257904
"1309","X2031",0.00136646829349499,0.0130158019964887
"1310","X2032",0.001366468293495,0.0130158019964887
"1311","X2033",0.001366468293495,0.0130158019964887
"1312","X2035",0.00382662934295226,0.0105542046651178
"1313","X2057",0.00304408462085425,0.00771675712778501
"1314","X2058",0.00304408462085425,0.00771675712778501
"1315","X2059",0.00304408462085425,0.00771675712778501
"1316","X2060",0.00304408462085425,0.00771675712778502
"1317","X2061",0.00304408462085425,0.00771675712778502
"1318","X2062",0.00304408462085425,0.00771675712778501
"1319","X2063",0.00304408462085425,0.00771675712778501
"1320","X2064",0.00304408462085425,0.00771675712778501
"1321","X2080",0.00136646829349499,0.0130158019964887
"1322","X2081",-0.00422139266354036,0.0184846644639549
"1323","X2082",-0.00422139266354035,0.0184846644639549
"1324","X2083",-0.00422139266354035,0.0184846644639549
"1325","X2084",-0.00422139266354036,0.0184846644639549
"1326","X2095",0.00136646829349499,0.0130158019964887
"1327","X2096",0.001366468293495,0.0130158019964887
"1328","X2097",0.00136646829349499,0.0130158019964887
"1329","X2098",-0.00215311041122116,0.0170424471257904
"1330","X2099",-0.00215311041122116,0.0170424471257904
"1331","X2100",-0.00215311041122116,0.0170424471257904
"1332","X2101",-0.00215311041122116,0.0170424471257904
"1333","X2102",0.00136646829349499,0.0130158019964887
"1334","X2107",0.00382662934295225,0.0105542046651178
"1335","X2108",0.00382662934295226,0.0105542046651178
"1336","X2109",0.00382662934295226,0.0105542046651178
"1337","X2133",0.00304408462085423,0.007716757127785
"1338","X2134",0.00304408462085425,0.00771675712778501
"1339","X2135",0.00304408462085424,0.00771675712778501
"1340","X2136",0.00304408462085425,0.00771675712778501
"1341","X2137",0.00304408462085425,0.00771675712778501
"1342","X2157",-0.00422139266354036,0.0184846644639549
"1343","X2158",0.001366468293495,0.0130158019964887
"1344","X2159",0.00136646829349499,0.0130158019964887
"1345","X2185",0.00382662934295224,0.0105542046651178
"1346","X2186",0.00382662934295227,0.0105542046651178
"1347","X2211",0.00304408462085425,0.00771675712778501
"1348","X2212",0.00304408462085425,0.00771675712778502
"1349","X2213",0.00304408462085424,0.00771675712778501
"1350","X2214",0.00304408462085425,0.00771675712778501
"1351","X2215",0.00304408462085425,0.00771675712778501
"1352","X2262",0.00382662934295226,0.0105542046651178
"1353","X2288",0.00304408462085425,0.00771675712778501
"1354","X2289",0.00304408462085425,0.00771675712778501
"1355","X2290",0.00304408462085425,0.00771675712778501
"1356","X2291",0.00304408462085425,0.00771675712778501
"1357","X2293",0.00304408462085425,0.00771675712778501
"1358","X2294",0.00304408462085425,0.00771675712778501
"1359","X2345",0.00382662934295223,0.0105542046651178
"1360","X2373",0.00304408462085425,0.00771675712778501
"1361","X2374",0.00304408462085425,0.00771675712778501
"1362","X2375",0.00304408462085425,0.00771675712778501
"1363","X2376",0.00304408462085425,0.00771675712778501
"1364","X2377",0.00304408462085424,0.00771675712778501
"1365","X2378",0.00304408462085425,0.00771675712778501
"1366","X2379",0.00304408462085425,0.00771675712778501
"1367","X2457",0.00304408462085425,0.00771675712778502
"1368","X2458",0.00304408462085424,0.00771675712778501
"1369","X2459",0.00304408462085425,0.00771675712778501
"1370","X2460",0.00304408462085425,0.00771675712778501
"1371","X2461",0.00304408462085425,0.00771675712778501
"1372","X2462",0.00304408462085423,0.00771675712778501
"1373","X2463",0.00304408462085425,0.00771675712778502
"1374","X2548",0.00304408462085425,0.00771675712778501
"1375","X2549",0.00304408462085425,0.00771675712778501
"1376","X2550",0.00304408462085425,0.00771675712778501
"1377","X2551",0.00304408462085425,0.00771675712778501
"1378","X2552",0.00304408462085425,0.00771675712778501
"1379","X2647",0.00304408462085425,0.00771675712778501
"1380","X2648",0.00304408462085425,0.00771675712778501
"1381","X2649",0.00304408462085425,0.00771675712778501
"1382","X2650",0.00304408462085425,0.00771675712778501
"1383","X2651",0.00304408462085425,0.00771675712778501
"1384","X2652",0.00304408462085425,0.00771675712778501
"1385","X2653",0.00304408462085425,0.00771675712778501
"1386","X2757",0.00304408462085425,0.00771675712778501
"1387","X2758",0.00304408462085424,0.00771675712778501
"1388","X2759",0.00304408462085424,0.00771675712778501
"1389","X2760",0.00304408462085425,0.00771675712778501
"1390","X2761",0.00304408462085425,0.00771675712778501
"1391","X2866",0.00304408462085425,0.00771675712778501
"1392","X2867",0.00304408462085425,0.00771675712778501
"1393","X2868",0.00304408462085423,0.00771675712778501
"1394","X2965",0.00304408462085425,0.00771675712778501
"1395","X3062",0.00304408462085425,0.00771675712778501
"1396","X3063",0.00304408462085425,0.00771675712778501
