"","cell_id","SRic","FRic","SES.FRic","FDis"
"1","X186",6,0.00162817386288849,-0.428263555983738,0.286835863409773
"2","X197",5,0.00216894695466851,0.463590161067764,0.503544900041522
"3","X225",6,0.00162817386288849,-0.443623094374608,0.286835863409773
"4","X228",7,0.00313927527189034,-0.324715504859057,0.310936139011428
"5","X237",5,0.00216894695466851,0.72475308517376,0.503544900041522
"6","X238",6,0.00891378085021702,1.5096930728292,0.521098264405985
"7","X265",6,0.00162817386288849,-0.386633937121516,0.286835863409773
"8","X266",6,0.00162817386288849,-0.340525362134437,0.286835863409773
"9","X268",7,0.00303488604104479,-0.466936065996835,0.308183949196066
"10","X269",8,0.00416966443351246,-0.474159180406963,0.315653992542393
"11","X277",5,0.00216894695466851,1.14522600726084,0.503544900041522
"12","X278",5,0.00216894695466851,0.306717558985919,0.503544900041522
"13","X279",6,0.00891378085021702,1.67925332395198,0.521098264405985
"14","X280",5,0.00445219905304558,2.61831344905056,0.541350246196824
"15","X281",22,0.201286982842581,2.15648085374498,0.52354680729318
"16","X282",41,0.330979540060506,1.92039281817875,0.50152732400656
"17","X308",6,0.0035918799794829,-0.0765536142306756,0.309202172384451
"18","X310",8,0.0038779333632223,-0.514805591119524,0.285994456908119
"19","X311",6,0.00190987612368558,-0.302543080684295,0.32634819560463
"20","X312",8,0.00361359683033259,-0.519647471938336,0.316627357062459
"21","X313",10,0.0041890948294241,-0.77727356578657,0.313573741995685
"22","X314",9,0.00236403658039675,-0.794321348960915,0.311285767768818
"23","X315",9,0.00538572913351029,-0.586663162359798,0.321163123407501
"24","X323",5,0.00216894695466851,1.09806535793979,0.503544900041522
"25","X324",5,0.00216894695466851,0.806485952634895,0.503544900041522
"26","X325",6,0.00891378085021702,1.26511749884361,0.521098264405985
"27","X326",5,0.00445219905304558,1.3075977352592,0.541350246196824
"28","X327",25,0.200520422837172,1.69822862807655,0.507302044912735
"29","X328",47,0.326285520161588,1.55619833399922,0.461243417656503
"30","X352",5,6.07575890525431e-05,-0.351246743007889,0.189702488433326
"31","X353",7,0.00489778039750771,-0.253181407077387,0.305801615897726
"32","X354",7,0.00540398897899417,-0.105642430186163,0.301873701269982
"33","X355",7,0.00347457074270407,-0.343685867339962,0.2819611244996
"34","X356",9,0.00515880663831248,-0.559271292432379,0.277590415021227
"35","X357",8,0.00177759747043444,-0.634435729255026,0.291507661644825
"36","X358",7,0.0017689668948212,-0.479981774481944,0.2889240693656
"37","X359",9,0.00177759747043444,-0.859367651333684,0.293493133612192
"38","X360",9,0.00262654747730322,-0.789680817335731,0.311188074331694
"39","X361",9,0.0025828634856132,-0.724565115185513,0.324882094320149
"40","X371",6,0.00891378085021702,1.40123521157425,0.521098264405985
"41","X372",28,0.201812366617474,1.43329120753209,0.477183246690118
"42","X373",43,0.319587382496444,1.13489241942417,0.476258263817371
"43","X393",8,0.00501432188726472,-0.456363588059394,0.29846560797595
"44","X394",5,6.07575890525431e-05,-0.535282435845266,0.189702488433326
"45","X395",7,0.00489778039750771,-0.115497939708372,0.305801615897726
"46","X396",8,0.00522868526867829,-0.355373316098196,0.285060169295448
"47","X397",8,0.00608610074282455,-0.340461383105116,0.297958977682413
"48","X398",5,0.00114618541157114,0.0752551780466592,0.333239285375055
"49","X399",7,0.0017689668948212,-0.533120018467511,0.2889240693656
"50","X400",7,0.0017689668948212,-0.589248591285509,0.2889240693656
"51","X401",6,0.00176896689482119,-0.339988304425957,0.319801907285267
"52","X402",7,0.0017689668948212,-0.58753467762312,0.2889240693656
"53","X403",13,0.00825868035617037,-0.960801264892621,0.304601297344157
"54","X404",12,0.00817070424068659,-0.836539796919369,0.290269197415364
"55","X415",6,0.00891378085021702,1.35116485085349,0.521098264405985
"56","X416",6,0.00891378085021702,1.47050869851972,0.521098264405985
"57","X417",31,0.0831375103464067,-0.592079188394522,0.393770435083134
"58","X418",44,0.270546010530123,0.710810278382559,0.448673760025171
"59","X419",31,0.207675751325841,1.33115077450233,0.430346205049687
"60","X435",10,0.00596148210656532,-0.739161175150569,0.28648347249259
"61","X436",12,0.00808010281142713,-0.896590352272658,0.270830836995001
"62","X437",8,0.00511819522767455,-0.336979073858799,0.288389889886532
"63","X438",7,0.00489778039750771,-0.194579572727548,0.305801615897726
"64","X439",8,0.00522868526867829,-0.461477127780349,0.285060169295448
"65","X440",7,0.00337605895522517,-0.388056085345527,0.301841254501429
"66","X441",7,0.00423246505703529,-0.255589642102102,0.311913450950251
"67","X442",5,0.00114618541157114,0.142848744370733,0.333239285375055
"68","X443",6,0.00176896689482119,-0.263794920302442,0.319801907285267
"69","X444",6,0.00176896689482119,-0.306271910637292,0.319801907285267
"70","X445",8,0.0017689668948212,-0.7838927945488,0.262923085235883
"71","X446",13,0.00825868035617037,-0.987964242997244,0.275499259962386
"72","X447",10,0.00817070424068659,-0.635879852287066,0.311897290882758
"73","X453",5,0.00351224517180962,1.28636785438049,0.503253994316789
"74","X454",5,0.00351224517180962,2.11341322393928,0.503253994316789
"75","X455",5,0.00351224517180962,1.41857092878299,0.503253994316789
"76","X458",6,0.00891378085021702,0.905509436197431,0.521098264405985
"77","X459",7,0.027294950923179,2.25017675487042,0.5586789105762
"78","X460",5,0.00253047132557095,0.685252537801831,0.478403004943654
"79","X461",30,0.0803757117354816,-0.801374556929048,0.408344922859264
"80","X462",40,0.226830101938229,0.468587307556148,0.42231960131643
"81","X463",34,0.221558883820234,0.999115214351969,0.440157472138286
"82","X479",8,0.00159879141506386,-0.720573083582653,0.290827767708758
"83","X480",10,0.00596148210656532,-0.704866662704995,0.28648347249259
"84","X481",11,0.00808010281142713,-0.756821756823071,0.278013888203391
"85","X482",10,0.00711270391022735,-0.629124197796672,0.259120177260529
"86","X483",8,0.0070493064876581,-0.227123927387554,0.293977615561796
"87","X484",7,0.00466929774194635,-0.336952276317598,0.294259540056292
"88","X485",6,0.00282602142736708,0.0674636381404878,0.314972534969198
"89","X486",7,0.00423246505703529,-0.188556393319946,0.311913450950251
"90","X487",6,0.0019987185131438,-0.223146900535198,0.31713169877345
"91","X488",5,0.00114618541157114,-0.0436431828858454,0.333239285375055
"92","X489",5,0.00114618541157114,0.090939818136887,0.333239285375055
"93","X490",6,0.00114618541157114,-0.407280444126649,0.297701009379617
"94","X491",10,0.00642516789964504,-0.672282755172864,0.287145311082063
"95","X492",12,0.0107388630553567,-0.716597575560015,0.301274702497482
"96","X493",11,0.0107388630553567,-0.545514542549814,0.303192053354934
"97","X494",5,0.00178606667408887,0.196988806988787,0.515383453784577
"98","X498",5,0.00121733956806806,-0.0256821194820234,0.596034352946321
"99","X500",5,0.00121733956806806,0.288621460935566,0.596034352946321
"100","X501",6,0.0135478830899613,1.51561757786621,0.540465498430142
"101","X502",6,0.0135478830899613,2.19594872352699,0.540465498430142
"102","X503",6,0.0135478830899613,2.17371695025739,0.540465498430142
"103","X504",8,0.0412910450895416,2.87716711807888,0.607449816135403
"104","X505",7,0.027294950923179,3.39706033409003,0.5586789105762
"105","X506",6,0.00498748506817268,0.330054783144433,0.466311351901066
"106","X508",34,0.0382455018463261,-1.59559009500324,0.338116932951306
"107","X509",45,0.257680531239438,0.356000017874457,0.416473676456613
"108","X521",6,3.52711596877355e-05,-0.634255209485417,0.181636430575136
"109","X522",11,0.00831833972110967,-0.787029232067247,0.262681157617183
"110","X523",13,0.00782180340000766,-0.840891710398196,0.260256525205586
"111","X524",11,0.00596148210656532,-0.891507337531537,0.268626401022095
"112","X525",10,0.00596148210656532,-0.652577298876067,0.28648347249259
"113","X526",12,0.00630440756199816,-1.05055487847853,0.240357051597467
"114","X527",12,0.00735346081555623,-0.907218407233542,0.253409046333095
"115","X528",10,0.00625468904459264,-0.718052051974364,0.266414943178761
"116","X529",9,0.00795520930869247,-0.259484137802378,0.295017036548956
"117","X530",5,0.000126974958462537,-0.376794681939437,0.312339860907352
"118","X531",6,0.0019987185131438,-0.289773781779375,0.31713169877345
"119","X532",5,0.00114618541157114,0.0938457388590207,0.333239285375055
"120","X533",5,0.00114618541157114,-0.0518603655068093,0.333239285375055
"121","X534",6,0.00114618541157114,-0.408917325227713,0.297701009379617
"122","X535",6,0.00114618541157114,-0.409687002547821,0.297701009379617
"123","X536",10,0.00360863676893126,-0.724479536017734,0.298665502062556
"124","X537",5,0.00178606667408887,0.300927027912091,0.515383453784577
"125","X538",5,0.00121733956806806,0.0657122181806349,0.596034352946321
"126","X542",5,0.00161912120625778,0.0913992362709652,0.521210209502756
"127","X543",5,0.00161912120625778,1.0635079962129,0.521210209502756
"128","X544",5,0.00161912120625778,0.268850876349569,0.521210209502756
"129","X545",5,0.00161912120625778,0.178747260816568,0.521210209502756
"130","X546",7,0.0245003165859942,3.1499910264824,0.539597661777313
"131","X547",6,0.00702551166524678,0.735327076479038,0.53096990466758
"132","X548",6,0.00498748506817268,0.704804333230984,0.466311351901066
"133","X549",6,0.00498748506817268,0.683495600738981,0.466311351901066
"134","X550",5,0.00205933357087119,0.740232689805099,0.493190581655873
"135","X551",49,0.261661257570807,0.208653951294191,0.425185368355797
"136","X558",6,0.00017358522822815,-0.618360648090862,0.197057942018444
"137","X559",13,0.00142986205718295,-1.34091365625534,0.206009183224637
"138","X560",17,0.0177721974390899,-1.23079670871258,0.258232151564806
"139","X561",10,0.00611789760600249,-0.582690840353068,0.260949539190005
"140","X562",15,0.00830305950769914,-1.14800672759773,0.251329767370403
"141","X563",12,0.0062948325193254,-0.936550123788354,0.253690145938399
"142","X564",15,0.00928628695392583,-1.07995884602738,0.244618613591312
"143","X565",14,0.00512376300484842,-1.32361147277086,0.240219144210772
"144","X566",11,0.00625468904459264,-0.62846070719881,0.250746379687449
"145","X567",11,0.00660080775079832,-0.71049166257189,0.260948415113277
"146","X568",8,0.00274355252668549,-0.611888314201641,0.28818145643451
"147","X569",6,0.0019987185131438,-0.302897539202558,0.31713169877345
"148","X570",6,0.0019987185131438,-0.291765133858196,0.31713169877345
"149","X571",6,0.00118466847000893,-0.528302371104672,0.334554218405298
"150","X572",6,0.00118466847000893,-0.494730640260021,0.334554218405298
"151","X573",7,0.00176565122029392,-0.563220018958853,0.288806273158738
"152","X574",7,0.00175876189750545,-0.604075934652919,0.301457134840306
"153","X575",7,0.000791377223684441,-0.6865159171014,0.280301459147187
"154","X576",6,0.00214966518704542,-0.036840344924624,0.486375919322628
"155","X577",6,0.00117673603322479,-0.334898376059434,0.563131371807619
"156","X578",6,0.00117673603322479,-0.441922987486503,0.563131371807619
"157","X579",6,0.00117673603322479,-0.424582216435175,0.563131371807619
"158","X580",6,0.00465115582907393,0.689949354191766,0.506572004981439
"159","X581",6,0.00465115582907393,0.697198189263272,0.506572004981439
"160","X582",5,0.00161912120625778,0.147531412450899,0.521210209502756
"161","X583",5,0.00161912120625778,0.378224400816786,0.521210209502756
"162","X584",6,0.00646783796942867,0.84643252394842,0.496385566809869
"163","X585",7,0.0125298337775722,0.94624842932544,0.505319937469935
"164","X586",5,0.00171470052437059,0.572611353152822,0.441571978066408
"165","X588",5,0.00205933357087119,0.248532904174723,0.493190581655873
"166","X594",7,0.00025702083060574,-0.765457290718074,0.197752047296514
"167","X595",14,0.0017691503448526,-1.35145452951466,0.223922114188267
"168","X596",14,0.00144980427889972,-1.15862913528095,0.216028260618262
"169","X597",19,0.0178409709652443,-1.05068515753395,0.257494794879658
"170","X598",18,0.0177721974390899,-0.943329212158217,0.263083430398587
"171","X599",18,0.0162524453363676,-1.23150588117913,0.262809215344411
"172","X600",10,0.00311463861830343,-0.908332823204057,0.266209599738799
"173","X601",12,0.00471394576367691,-0.978272751102842,0.249283418180775
"174","X602",14,0.00500556659255263,-1.23879262135107,0.245931803329229
"175","X603",10,0.00280963897989058,-0.93139021824645,0.242349100821033
"176","X604",12,0.00660080775079832,-0.957781241495951,0.246591843186315
"177","X605",10,0.00924150337121763,-0.636687716809457,0.278598563022634
"178","X606",8,0.00649025406712072,-0.284047134379001,0.289457548974031
"179","X607",6,0.0019987185131438,-0.237707239046283,0.31713169877345
"180","X608",6,0.00118466847000893,-0.382293279909099,0.334554218405298
"181","X609",6,0.00118466847000893,-0.454516798711907,0.334554218405298
"182","X610",7,0.00181043246700299,-0.397756826555193,0.29053088393291
"183","X612",5,4.96857482027351e-06,-0.485038035218653,0.30258651651154
"184","X613",8,0.0132127681013043,0.498153994370295,0.488907440069422
"185","X614",7,0.0109496843237805,0.645483566185428,0.509444595705783
"186","X615",8,0.0125369013676728,0.252354469131881,0.475093756922614
"187","X616",7,0.0106557813991081,0.538772917554676,0.522556200028133
"188","X617",8,0.0138402263015946,0.295094055610554,0.488954666482217
"189","X618",7,0.00791410744442081,0.0791345068387426,0.460429573717777
"190","X619",5,0.00161912120625778,0.381121796872578,0.521210209502756
"191","X620",5,0.00161912120625778,0.341549050460872,0.521210209502756
"192","X621",5,0.00161912120625778,0.410324259016721,0.521210209502756
"193","X622",7,0.0125298337775722,1.0999761911437,0.505319937469935
"194","X623",6,0.00191223583393489,-0.21202181870169,0.413751028910125
"195","X624",5,0.00012853310837232,-0.417558257986757,0.440844907743887
"196","X625",7,0.00508986702975171,-0.105596036637981,0.429829240244407
"197","X626",5,1.13971263121965e-06,-0.580164364858868,0.156409602413509
"198","X627",14,0.00176253426266381,-1.37524723520445,0.215237970614939
"199","X628",16,0.00177811140556371,-1.37276182188954,0.222842497516488
"200","X629",12,0.00142925010590967,-0.972277594322898,0.220816063122227
"201","X630",13,0.00144980427889972,-1.05251938769157,0.221068744777492
"202","X631",16,0.0177721974390899,-0.782992914836502,0.284560682284497
"203","X632",18,0.0187301199829661,-1.05284085287777,0.258114707415848
"204","X633",10,0.000801442077859894,-0.971598300370107,0.187805315540625
"205","X634",14,0.00747101085939055,-1.12119334344533,0.239985851935172
"206","X635",17,0.00994386176886492,-1.24484547544645,0.247465347269769
"207","X636",10,0.00409484799682501,-0.647312463610179,0.254090599613586
"208","X637",14,0.00669745366463282,-0.867725136544474,0.257488061050385
"209","X638",14,0.00936985158102889,-1.1016543162895,0.258836090158691
"210","X639",11,0.00972578315922206,-0.567714927932555,0.286630714557848
"211","X640",9,0.00657710846902508,-0.439095294290032,0.289747481475251
"212","X641",7,0.00206285055477757,-0.596658480349773,0.31357811176198
"213","X642",6,0.00206285055477757,-0.0970893875017486,0.319240724844948
"214","X643",6,0.00118466847000893,-0.516771457543649,0.299712116027084
"215","X644",6,0.000867034711796752,-0.572072612710563,0.279910440735928
"216","X645",7,0.000875425198175173,-0.632780804206631,0.270563686101373
"217","X646",9,0.00408516008489554,-0.680396714384384,0.265841633415582
"218","X647",9,0.0161587036848536,0.121416454585673,0.449928413931089
"219","X648",10,0.0171228683589523,0.103965939301244,0.459268595055377
"220","X649",9,0.0136606515912993,-0.0806466793398617,0.481682273915879
"221","X650",9,0.0136606515912993,-0.0675736575703134,0.481682273915879
"222","X651",10,0.0171228683589523,-0.023201024359511,0.459268595055377
"223","X652",9,0.016428241940924,0.306318779671028,0.488931223468947
"224","X653",9,0.016428241940924,0.1648408126177,0.488931223468947
"225","X654",7,0.00630946975015638,0.0893351341513054,0.536392457534775
"226","X655",7,0.0166878239444973,1.11417097530063,0.524499774662884
"227","X656",10,0.0272904958501085,0.61514524903947,0.510628716514438
"228","X657",9,0.0140068322312089,-0.0201284239193434,0.448571054109039
"229","X658",8,0.0176945908174088,1.12783611513131,0.436956114727816
"230","X659",8,0.0189154896124404,0.9600436950869,0.445320084853813
"231","X662",10,0.000327321662445558,-1.1763486993995,0.181406013841636
"232","X663",15,0.00177811002207297,-1.13950794452158,0.213333551977872
"233","X664",18,0.00181312172860479,-1.62101403472688,0.211751595751665
"234","X665",14,0.00144236491128498,-1.28991801997786,0.225022058162149
"235","X666",13,0.00145175686607193,-1.17701689062853,0.22068873266771
"236","X667",14,0.00145175686607193,-1.37425788712034,0.217911902025584
"237","X668",17,0.00161979235949727,-1.23273546148178,0.206400158721244
"238","X669",16,0.00191256893752835,-1.34142202523697,0.213167182476567
"239","X670",17,0.0159314899165071,-0.97718988135969,0.254294855935793
"240","X671",19,0.0117956891581412,-1.29577065951192,0.247111778651903
"241","X672",10,0.00409484799682501,-0.723758411493761,0.254090599613586
"242","X673",10,0.00664131378581221,-0.56443772317143,0.27336759941999
"243","X674",13,0.00932804423947415,-0.993888675302614,0.25673002103632
"244","X675",11,0.00645189365094617,-0.876251183300939,0.267879002061801
"245","X676",11,0.00972578315922206,-0.682124618459631,0.286630714557848
"246","X677",9,0.0046894333179368,-0.632868918363078,0.313564788707464
"247","X678",6,0.00206285055477757,-0.157916111822576,0.319240724844948
"248","X681",5,0,-0.464594291444398,0.287394274901603
"249","X682",5,0.0011802362794061,0.0863357039447174,0.336171610301045
"250","X683",6,0.00267705314339726,-0.0811181530517275,0.313252162486027
"251","X684",9,0.0161587036848536,0.211052446758006,0.449928413931089
"252","X685",12,0.0225420619330584,-0.225917112942439,0.418185586329634
"253","X686",12,0.0225420619330584,-0.27470076173875,0.418185586329634
"254","X687",10,0.0144162612952481,-0.0730155947586135,0.450344604350242
"255","X688",9,0.0136606515912993,-0.129399220063796,0.481682273915879
"256","X689",10,0.0171228683589523,-0.137887576624936,0.459268595055377
"257","X690",10,0.0465248733664857,2.74024891068471,0.511109602688189
"258","X691",9,0.0218439450841746,0.886469635275188,0.516464963413984
"259","X692",12,0.068402530986946,1.57894641128837,0.510308971311655
"260","X693",9,0.0217861737377831,0.515513391561758,0.517674727068218
"261","X694",14,0.035556132556126,-0.0268039576302333,0.443325869302581
"262","X695",14,0.035556132556126,-0.0549212080196102,0.443325869302581
"263","X696",9,0.0184982900050146,0.555944618079444,0.439261378125581
"264","X702",13,0.000643293949803433,-1.26232013973958,0.190625022559681
"265","X703",14,0.000832624386708798,-1.1078136710476,0.215394206735058
"266","X704",18,0.00181312172860479,-1.47173535604953,0.211751595751665
"267","X705",18,0.00181312172860479,-1.64932382368043,0.211751595751665
"268","X706",19,0.00181832928998769,-1.59339726368309,0.209227832102481
"269","X707",16,0.0016683299341779,-1.68306150477143,0.207252973723026
"270","X708",15,0.00143920769588232,-1.35692648049299,0.210169203454547
"271","X709",15,0.00176659507442551,-1.11859412886706,0.212576254329097
"272","X710",19,0.00263402077105545,-1.59092054746225,0.219593080630399
"273","X711",19,0.00125071414649689,-1.68411245576874,0.20650477468413
"274","X712",17,0.00981259932706928,-1.17053343170041,0.244301394043878
"275","X713",11,0.00666605591802756,-0.828300610370503,0.276278243739261
"276","X714",13,0.00933665114802962,-0.857692539706371,0.267072878705591
"277","X715",10,0.00640155662511236,-0.653736082706171,0.262686200172505
"278","X716",11,0.00967003344363659,-0.659459503453146,0.262566693701844
"279","X717",11,0.00576909278925991,-0.855050601890467,0.261699791199878
"280","X718",7,0.000957855408482062,-0.660258590714944,0.282414968190504
"281","X719",5,0.00017725628700434,-0.460939431386711,0.311651440804433
"282","X723",6,0.00267705314339726,-0.0510700479281586,0.313252162486027
"283","X724",11,0.0201492794628596,-0.232836107612573,0.440302968768072
"284","X725",10,0.0144991939742521,-0.126984443144539,0.449546967211268
"285","X726",12,0.0225420619330584,-0.200590863235036,0.418185586329634
"286","X727",12,0.0225420619330584,-0.116879039386682,0.418185586329634
"287","X728",9,0.01300174740367,-0.149381933707225,0.459405369743411
"288","X729",8,0.0122461376997212,0.0972967809499336,0.49759260088221
"289","X730",10,0.0171228683589523,-0.196273665811299,0.459268595055377
"290","X731",11,0.0469976944472258,1.09315249378058,0.487436980534381
"291","X732",15,0.0993675628505666,1.43363938192391,0.569082726767331
"292","X733",15,0.0993675628505666,1.82142197403235,0.569082726767331
"293","X734",5,6.38904899968181e-05,-0.457637308629359,0.456361702049172
"294","X735",7,0.00765222894646925,0.359288367409402,0.451006844087538
"295","X736",9,0.0171635896237404,0.250186847332314,0.422058914367069
"296","X737",10,0.0211558980626651,0.190627487040995,0.430468808644218
"297","X738",5,0.000531703278965034,-0.20254981364565,0.312947483300198
"298","X739",5,0.000531703278965034,-0.267935364856418,0.312947483300198
"299","X740",5,0.000531703278965034,-0.361481585951277,0.312947483300198
"300","X747",11,0.000419005311701431,-1.09982425434205,0.171501068466027
"301","X748",14,0.000804191120827218,-1.32951863821611,0.187280161086188
"302","X749",17,0.00239146870460964,-1.15178598538006,0.208536919312117
"303","X750",18,0.00242265966627575,-1.68421083191886,0.206423337042098
"304","X751",12,0.000685340802685911,-1.31762788988745,0.213216573595006
"305","X752",12,0.000685340802685911,-1.34218242822152,0.213216573595006
"306","X753",17,0.0016683299341779,-1.35487878337257,0.198934211011585
"307","X754",15,0.00317380596756451,-1.18488807261237,0.223102903996788
"308","X755",16,0.0031740802524947,-1.52729351678199,0.218200416818524
"309","X756",21,0.00547303601700719,-1.65611715055843,0.225847105729047
"310","X757",19,0.00215855207551825,-1.42029059760246,0.211502784978368
"311","X758",19,0.0145853585559549,-1.17445284858391,0.251727926514259
"312","X759",13,0.0121192386821023,-0.822087145710588,0.283490667483751
"313","X760",13,0.00906725138932312,-0.999267602598594,0.266459315962264
"314","X761",9,0.00594443354716823,-0.440697045317779,0.281849800570481
"315","X762",11,0.00700996607435647,-0.85904134715731,0.257218348138812
"316","X763",11,0.00759810697445067,-0.850633601099036,0.257109898843474
"317","X764",11,0.00759810697445067,-0.650331670510126,0.257109898843474
"318","X765",7,0.00365900948586655,-0.248345451367029,0.307886143088375
"319","X766",5,0.00117733797966111,0.0596038907861999,0.336325029945175
"320","X769",15,0.0846638780116153,1.34999923990339,0.514573620457866
"321","X770",11,0.0140881047718065,-0.433215757023884,0.404958970416589
"322","X771",11,0.021161666386759,0.188018201366435,0.42495755968955
"323","X772",11,0.021161666386759,-0.169026600478331,0.42495755968955
"324","X773",9,0.0180516797677038,0.283824354881062,0.470438502150349
"325","X774",10,0.0188702773445281,-0.00063595396461591,0.456682019028604
"326","X775",10,0.0210873273705212,0.306526847989286,0.451204671677963
"327","X776",15,0.0729806013420093,0.963398951860358,0.504729714666507
"328","X777",17,0.101554314836532,1.21914615659315,0.538235801753027
"329","X778",8,0.0223717147054514,0.670585399897108,0.561747198348121
"330","X779",6,0.00682454242671503,0.90330372036138,0.617944015289745
"331","X780",5,0.00633335259206,4.47045166188459,0.611964365504754
"332","X781",10,0.0537954909289556,2.52929751304429,0.543378517155642
"333","X782",12,0.0624321598413621,1.13025996683365,0.532249813645795
"334","X783",11,0.0495467924220138,1.46252547946295,0.405325013404151
"335","X788",11,0.00117889496850936,-0.995266476460914,0.181348904727046
"336","X789",11,0.000600585436814057,-1.34071130838581,0.198961769794823
"337","X790",12,0.00222146140365959,-1.10203209940687,0.198317697459782
"338","X791",19,0.00303922953203785,-1.54599026768974,0.215748505525019
"339","X792",18,0.00114825759581935,-1.49253879649052,0.210116433441747
"340","X793",18,0.00114488813063813,-1.4094446651924,0.207934545515979
"341","X794",21,0.00182019282261389,-1.58727783310292,0.206128583653379
"342","X795",22,0.00339268106016743,-1.73250642935857,0.203071680909272
"343","X796",19,0.0036619339081882,-1.46107191612567,0.214992439223888
"344","X797",26,0.00564867041296391,-1.7714658097751,0.223256600762409
"345","X798",29,0.00546848491134713,-2.04238007983542,0.221447375525518
"346","X799",22,0.0145853585559549,-1.36287865908209,0.243983147951084
"347","X800",19,0.0140826309300685,-1.34615964370909,0.251553793119868
"348","X801",13,0.00906725138932312,-0.772812632356836,0.266459315962264
"349","X802",13,0.00906725138932312,-0.919611443213395,0.266459315962264
"350","X803",11,0.00700996607435647,-0.796799108428253,0.257218348138812
"351","X804",9,0.00494708388686199,-0.770184386655551,0.272967643836707
"352","X805",12,0.00766550477429867,-0.811084280448958,0.264480352775197
"353","X806",8,0.00365900948586655,-0.588946082886278,0.279545958375888
"354","X807",5,0.00117733797966111,0.106637148461541,0.336325029945175
"355","X808",5,0.00117733797966111,0.195663701699612,0.336325029945175
"356","X809",15,0.0662457412368345,0.644344374766353,0.477096819480562
"357","X810",15,0.0630279336501714,0.480269590069111,0.473429045620954
"358","X811",15,0.0813307418179943,1.44545990663473,0.476844567301666
"359","X812",15,0.0536644249352925,0.578927292209063,0.438833463393198
"360","X813",13,0.0533352152439237,0.74463850900992,0.460318363058223
"361","X814",12,0.0533352152439237,0.882479975638905,0.47537525070347
"362","X815",13,0.0929168538771331,2.24289384046977,0.491126987039984
"363","X816",20,0.125999026206708,1.40040352626202,0.435199490904421
"364","X817",15,0.0596918290471706,0.409120164708823,0.416518184091079
"365","X818",21,0.15663685904058,1.80033818887896,0.486500982046212
"366","X819",10,0.053423681706796,1.50631269023644,0.530392244790256
"367","X820",6,0.0126364759478125,2.70089460533729,0.584820425634483
"368","X821",8,0.0239532413172272,1.06728845629299,0.54457353596161
"369","X822",10,0.0625345477476606,3.81492078385525,0.572289214278769
"370","X823",11,0.0943014612603523,4.09873261140007,0.579818345310302
"371","X824",9,0.0420608411788006,2.15948963471306,0.427025481107611
"372","X825",9,0.0420608411788006,2.35414886706592,0.427025481107611
"373","X826",11,0.0438619944821065,1.18984472234804,0.390462262453353
"374","X833",10,0.00117730352123022,-1.00148467003285,0.198362702531005
"375","X834",11,0.00207505550250701,-0.781915540364083,0.221097726747651
"376","X835",15,0.00295551719798666,-1.18859929192932,0.224598161333187
"377","X836",14,0.00295551627001483,-1.23197065370825,0.222243101790248
"378","X837",13,0.000892000930341695,-1.223084205932,0.217734856843903
"379","X838",17,0.0107455220739066,-1.26835939152641,0.264635588204366
"380","X839",20,0.0103495677081643,-1.38663783690209,0.24615010829927
"381","X840",25,0.0116316048869886,-1.62514043350514,0.237343661513232
"382","X841",7,0.000347947454640894,-0.905578266287367,0.168695515355903
"383","X842",13,0.00288775392602174,-0.765894246986014,0.205559977925716
"384","X843",18,0.00293146429775975,-1.60840800469402,0.220986629652423
"385","X844",18,0.00353135953752898,-1.6225663486159,0.213946912359421
"386","X845",25,0.0183064553563463,-1.52832827221624,0.24754033418554
"387","X846",18,0.0174044647995836,-1.17229879622221,0.267340647175109
"388","X847",12,0.00906725138932312,-0.812345263095706,0.277879940253725
"389","X848",12,0.00994253181999867,-0.794395274369856,0.262831231984564
"390","X849",9,0.00494708388686199,-0.744874829360139,0.272967643836707
"391","X850",11,0.00766550477429867,-0.646489697777245,0.279783045171603
"392","X851",16,0.0788849049587082,1.01728975231821,0.475317918337165
"393","X852",16,0.0560649692632119,0.136962161942682,0.445096733915996
"394","X853",15,0.0239221876963639,-0.580240686853687,0.413878703946584
"395","X854",23,0.110502683778712,0.563744500838237,0.432300826940586
"396","X855",13,0.0527673409305382,0.969147786068303,0.425978164625869
"397","X856",11,0.0275114147940702,0.248031341958747,0.424237163898672
"398","X857",11,0.0275114147940702,0.286201233871555,0.424237163898672
"399","X858",19,0.112854356120726,1.71336638703101,0.416100425591017
"400","X859",14,0.0993481405031558,2.413042852651,0.478552291250159
"401","X860",19,0.138166291999467,2.18053126705499,0.46854402589695
"402","X861",13,0.0608581465365769,0.829167191685729,0.513991535282403
"403","X862",7,0.0364090580323087,4.14518769986735,0.588396042319311
"404","X863",8,0.0560500696158036,3.19401695720906,0.573427110885595
"405","X864",9,0.0562821617670335,2.98188671312607,0.568692704710339
"406","X865",8,0.0570925040599038,3.53810989900449,0.628948639517088
"407","X866",12,0.0175617308728161,-0.243896565034402,0.33957969961222
"408","X867",9,0.0420608411788006,1.79168295501531,0.427025481107611
"409","X868",10,0.0438619944821065,1.34199360207917,0.421120106639698
"410","X869",10,0.0438619944821065,0.985733584641802,0.421120106639698
"411","X870",11,0.0438619944821065,0.569687082681366,0.390462262453353
"412","X871",6,0.000184140779889449,-0.529505530284008,0.524142607500224
"413","X875",9,0.000674809400007469,-1.07902912257982,0.19423016470802
"414","X876",17,0.0144173177857192,-1.06096931093768,0.262332347941727
"415","X877",17,0.00295565941073306,-1.36059629931545,0.215223020291481
"416","X878",13,0.000892000930341695,-1.17993866141628,0.217734856843903
"417","X879",13,0.000907572888299051,-1.3049339529149,0.212670377093207
"418","X880",14,0.0101834344449921,-1.06086946229233,0.27064521228304
"419","X881",15,0.0121697955539374,-0.925599581576555,0.249258213107219
"420","X882",14,0.0119984813778925,-1.08963325344639,0.250323590341572
"421","X883",13,0.00904968149219806,-0.783667519217873,0.241655548661586
"422","X884",16,0.0142396991474117,-1.21030541247135,0.243366274742712
"423","X885",9,0.00207418819554555,-0.935238685699035,0.220869312063436
"424","X886",9,0.00207418819554555,-0.958682763692877,0.220869312063436
"425","X887",10,0.0117602765707434,-0.476302993854418,0.297192311179353
"426","X888",13,0.0119362257932257,-0.901466387860657,0.273202361510316
"427","X889",9,0.00494708388686199,-0.66835208251191,0.272967643836707
"428","X890",19,0.0574198245978675,-0.207793690437701,0.418730852198608
"429","X891",18,0.0574170303417542,-0.208218901937758,0.431584333868185
"430","X892",15,0.0239221876963639,-0.444095592253436,0.413878703946584
"431","X893",24,0.063536225935877,-0.730240374059353,0.414807856470885
"432","X894",19,0.0601333044627587,-0.178853179870277,0.401046763449924
"433","X895",11,0.0275114147940702,-0.0361063294898481,0.424237163898672
"434","X896",10,0.0268872783188707,0.525889480066344,0.43605328192662
"435","X897",19,0.112854356120726,1.32991286620763,0.416100425591017
"436","X898",15,0.10687699388136,2.23233199974285,0.467061462774134
"437","X899",21,0.140615954544468,1.59973033196296,0.440919664975184
"438","X900",19,0.0784998805987118,0.401293346439917,0.447083328856912
"439","X901",14,0.0495426637555201,0.336025804920458,0.486840821818413
"440","X902",11,0.0283450298313048,0.486541741534873,0.470078350666227
"441","X903",14,0.0954855690750835,1.98802036766747,0.528478080338642
"442","X904",7,0.013244737513346,1.15485182747863,0.582742604631742
"443","X905",8,0.0324951459911933,2.96006820112923,0.586190761546255
"444","X906",9,0.0124557570226902,0.0023917986776966,0.344134456998555
"445","X907",9,0.0124557570226902,-0.148450495947207,0.344134456998555
"446","X908",11,0.0438619944821065,0.966790077743294,0.390462262453353
"447","X909",12,0.0441866740163361,0.500274079347051,0.367414765452289
"448","X910",11,0.0438619944821065,1.08506323829445,0.390462262453353
"449","X911",11,0.0439608335342852,0.908105416118362,0.393268988415705
"450","X914",19,0.0158387084987547,-1.02074845321751,0.261269503669553
"451","X915",18,0.0117713719050101,-1.24830621607526,0.25305377925668
"452","X916",12,0.00995706528931318,-0.740468957776813,0.286081973172808
"453","X917",9,0.000359220423396574,-1.08988749066255,0.191066332531495
"454","X918",11,0.00502515817345489,-0.904682112828828,0.262350354794467
"455","X919",15,0.0121697955539374,-0.880467258748396,0.249258213107219
"456","X920",10,0.00747294083756031,-0.607214122456292,0.256943308642033
"457","X921",10,0.0073574948777415,-0.517331578145711,0.258217937419166
"458","X922",13,0.0129462367573651,-0.829746480603695,0.256506050716419
"459","X923",10,0.0115115114551643,-0.311404195847821,0.292358597173744
"460","X924",10,0.0115115114551643,-0.385626701994917,0.292358597173744
"461","X925",9,0.0114709560862243,-0.0518082168774054,0.302965236229089
"462","X926",9,0.0114709560862243,-0.13832340569918,0.302965236229089
"463","X927",11,0.0116981488974353,-0.482831608291654,0.294000332461296
"464","X928",18,0.0510102484188291,-0.13695330026453,0.430305524506887
"465","X929",17,0.0509702042293703,-0.22074517877849,0.443754370996823
"466","X930",16,0.0244647737288899,-0.741211358333187,0.399393724900154
"467","X931",18,0.042602186480425,-0.520930457907019,0.40719561401959
"468","X932",22,0.063529955373152,-0.358317540340447,0.425082344821785
"469","X933",10,0.0268872783188707,0.784383722220848,0.43605328192662
"470","X934",20,0.11601547600204,1.17381693943844,0.424716424599313
"471","X935",22,0.118094969387827,0.548851939073724,0.406806659241769
"472","X936",19,0.140844871740457,1.96836067774963,0.468153762761288
"473","X937",21,0.151494399150382,1.73337897626593,0.469016808187063
"474","X938",18,0.0746402583467491,0.458432441712347,0.421753424789497
"475","X939",13,0.0736022840821365,1.37781512026071,0.498362744343531
"476","X940",11,0.0523684705649626,1.22373693893957,0.4861966442354
"477","X941",11,0.0584785436844889,2.09493734699953,0.536549303763815
"478","X942",7,0.0105102972903436,0.807705544577467,0.594354015124882
"479","X944",5,0.00134037586498608,0.43563947357928,0.444716985333894
"480","X945",10,0.0124557570226902,-0.299659015746547,0.319736759013979
"481","X946",9,0.0441866740163361,1.9233504080558,0.451072632361639
"482","X947",12,0.0441866740163361,0.502608614372749,0.367414765452289
"483","X948",12,0.0441866740163361,0.845940999278976,0.367414765452289
"484","X949",12,0.0439608335342852,1.32293096618285,0.367161598566994
"485","X950",11,0.0439608335342852,1.06924219417457,0.393268988415705
"486","X951",10,0.00882481532963759,-0.570392691657474,0.302076678903693
"487","X952",17,0.0111267445669463,-1.45005311511536,0.254205756647789
"488","X953",13,0.00579983216670058,-0.920920133755287,0.256338201343913
"489","X954",9,0.000363018647792193,-0.860461239680379,0.190626493680554
"490","X955",10,0.00494439305677667,-0.736601655316578,0.268467979849189
"491","X956",13,0.0120658092880732,-0.869786661173332,0.258214132595984
"492","X957",11,0.00896445653472101,-0.662775684605504,0.254838072984316
"493","X958",10,0.0073574948777415,-0.525221749855011,0.258217937419166
"494","X959",13,0.0129462367573651,-0.777123286405723,0.256506050716419
"495","X960",10,0.0115115114551643,-0.280416944943638,0.292358597173744
"496","X961",9,0.0114709560862243,-0.14027784830478,0.302965236229089
"497","X962",9,0.0114709560862243,-0.0773567739608559,0.302965236229089
"498","X963",9,0.0114709560862243,-0.0415349300287868,0.302965236229089
"499","X964",9,0.0114709560862243,-0.0687973288122199,0.302965236229089
"500","X965",19,0.0510102484188291,-0.226468038979308,0.443703563127625
"501","X966",17,0.0509702042293703,-0.135511300183922,0.443754370996823
"502","X967",17,0.0509702042293703,-0.0171225292687425,0.443754370996823
"503","X968",17,0.178320463601364,2.91984135336665,0.496327668290004
"504","X969",23,0.202855689624777,2.01574286772942,0.458423908727764
"505","X970",19,0.117073434372646,0.933023822621474,0.45460855956742
"506","X971",22,0.137071802623552,0.904145160087381,0.453057560369842
"507","X972",17,0.0793671937106498,0.860247416736276,0.448558923585363
"508","X973",18,0.0804868128987039,0.573330755535791,0.435193564667869
"509","X974",19,0.0880936921468825,0.622878723487804,0.43638721701052
"510","X975",20,0.0884595732527767,0.313454749642631,0.436990741351797
"511","X976",9,0.0701720217928087,3.37656487851857,0.609236054664501
"512","X977",8,0.0355680614725199,3.68490669474381,0.55642524986569
"513","X978",5,8.37421635025377e-05,-0.609621622868994,0.624743304853391
"514","X979",5,8.37421635025377e-05,-0.471966344686859,0.624743304853391
"515","X980",5,8.70979702569977e-05,-0.453548826883361,0.637483694083729
"516","X981",6,0.0130129278924381,1.77826050731971,0.59057520309558
"517","X982",5,0.00134037586498608,0.0110307401298349,0.444716985333894
"518","X983",10,0.0127737457073404,-0.252322447668127,0.315477136204685
"519","X984",10,0.0141603889278893,-0.140423234026587,0.343473759332052
"520","X985",11,0.0441866740163361,1.47563478892907,0.393676416148417
"521","X986",11,0.0439608335342852,0.744670250229528,0.393268988415705
"522","X987",11,0.0439608335342852,1.19233443942119,0.393268988415705
"523","X988",7,0.00514089356716633,-0.151106564514318,0.327457366083017
"524","X989",12,0.00316291284324712,-1.17446173669284,0.249364018218957
"525","X990",10,0.00377371201477371,-0.795430210795637,0.271575768759019
"526","X991",10,0.00497659871647338,-0.715891509250299,0.272858534832574
"527","X992",9,0.00494439305677667,-0.597417537271385,0.279031653311914
"528","X993",11,0.00906372226260097,-0.613201723643995,0.265762371468842
"529","X994",10,0.00747294083756031,-0.674684293520528,0.256943308642033
"530","X995",10,0.00738564864899028,-0.657270499577848,0.26265720807341
"531","X996",12,0.0129462367573651,-0.661079088274463,0.270850834083268
"532","X997",11,0.0128829707338827,-0.387104821303169,0.283919826503168
"533","X998",9,0.0114709560862243,-0.0251416533966015,0.302965236229089
"534","X999",9,0.0114709560862243,-0.00433853832556994,0.302965236229089
"535","X1000",9,0.0114709560862243,-0.171590321462605,0.302965236229089
"536","X1001",27,0.0693511252435414,-0.679621928506077,0.413494735716017
"537","X1002",18,0.0626989861673263,0.0484517905567776,0.452139002539311
"538","X1003",20,0.146849532675465,1.96907403799968,0.494043466246029
"539","X1004",19,0.148225790491793,1.94612654073166,0.509260980228416
"540","X1005",22,0.199294110369308,3.02863058502912,0.490301678429082
"541","X1006",16,0.108624796473238,1.60895497390911,0.498799397330891
"542","X1007",15,0.0820531884460829,1.16775148054717,0.488429532242007
"543","X1008",16,0.0793671937106498,0.948047184931019,0.465048888787967
"544","X1009",17,0.086851708898056,0.835738570034851,0.465930299562683
"545","X1010",16,0.0867935379942335,1.5355687012746,0.455115293801401
"546","X1011",14,0.0834608430420543,1.59346353551524,0.49551662008844
"547","X1012",8,0.0463523866068963,1.96196254028888,0.530467769117898
"548","X1013",6,0.0431881698269678,9.24108696753955,0.601104758377622
"549","X1014",6,0.0164597560153163,2.71574059832082,0.576438757352861
"550","X1015",5,8.37421635025377e-05,-0.396994907182142,0.624743304853391
"551","X1016",6,0.00647259812592417,0.780996242758857,0.672945773694211
"552","X1017",6,0.0118930304878052,1.59763602250969,0.605905698224455
"553","X1020",8,0.0126959339779507,0.457754482557607,0.372769143572721
"554","X1021",11,0.0141603889278893,-0.444021430184591,0.317311012658468
"555","X1022",8,0.013385702166783,0.737383114138006,0.373223232843785
"556","X1023",12,0.0441866740163361,0.9568376257157,0.369702552813719
"557","X1024",11,0.0439608335342852,1.0212274182023,0.393268988415705
"558","X1025",7,0.00514089356716633,-0.0887550345654965,0.327457366083017
"559","X1026",10,0.00377216209181736,-1.00121918385679,0.270139333450099
"560","X1027",12,0.00330340888595368,-1.09690811844343,0.251937218219431
"561","X1028",9,0.00742520419925245,-0.550707301162359,0.290161983911537
"562","X1029",7,0.00375381823776776,-0.394779928923865,0.303748035403969
"563","X1030",9,0.0073574948777415,-0.565154341036288,0.275439147716484
"564","X1031",9,0.0073574948777415,-0.456222825707488,0.275439147716484
"565","X1032",8,0.00511439946299911,-0.328335924006848,0.267156562847144
"566","X1033",8,0.00805163291150621,-0.178042011931235,0.283671401746691
"567","X1034",10,0.0128829707338827,-0.248233090250404,0.29459909665798
"568","X1035",9,0.0114709560862243,0.00176937546993593,0.302965236229089
"569","X1036",9,0.0114709560862243,0.0235825146061078,0.302965236229089
"570","X1037",12,0.0124663965653549,-0.815343048246452,0.347312718308987
"571","X1038",15,0.0128229427382789,-0.923207684592062,0.320609750895349
"572","X1039",13,0.0143570601574648,-0.608298357270466,0.397699456967611
"573","X1040",12,0.010009320968006,-0.65100950911596,0.349447926682397
"574","X1041",14,0.0628593071383875,0.640499703839587,0.447244103022483
"575","X1042",16,0.0179862436841031,-0.807844394308596,0.383822415392362
"576","X1043",22,0.17837306921114,2.5926516835849,0.488529570252233
"577","X1044",23,0.178370340948579,1.97845768351377,0.474023042614839
"578","X1045",21,0.146849532675465,1.28171651075399,0.478369702737786
"579","X1046",14,0.141782987176515,3.48681631913251,0.565811462781795
"580","X1047",12,0.0750462488681346,1.8717044319387,0.555056763562165
"581","X1048",14,0.0729780734562104,1.48274246778213,0.498408135735012
"582","X1049",12,0.0728255893256591,2.37909707872337,0.505558477785684
"583","X1050",12,0.0805693757447302,1.7669815591891,0.522676253722792
"584","X1051",11,0.0547733448704595,1.66169761256484,0.50428753053305
"585","X1052",9,0.0541046591229856,3.68536108610357,0.533686244760006
"586","X1053",9,0.0541046591229856,3.13521103527248,0.533686244760006
"587","X1054",8,0.0400029765232167,1.96522899437723,0.519411273318754
"588","X1055",7,0.0196284668064203,1.55165415432853,0.519272063547847
"589","X1056",9,0.055521814908824,3.81056968720182,0.55404547805556
"590","X1057",10,0.105028067641854,5.95187753284848,0.557784415218318
"591","X1058",5,8.37421635025377e-05,-0.595028149135433,0.624743304853391
"592","X1059",6,0.0163333262790068,2.32675129736236,0.693760932123787
"593","X1063",11,0.0141603889278893,-0.410347767326677,0.317311012658468
"594","X1064",11,0.0441866740163361,0.716039798903379,0.393814843462668
"595","X1065",11,0.00586918143022383,-0.853203824237866,0.285608080635135
"596","X1066",10,0.00319415300410519,-0.863781628273981,0.274931327038338
"597","X1067",12,0.00490605294271191,-1.03207855324779,0.261536118994965
"598","X1068",11,0.0074475215155411,-0.596938404338092,0.26501392134581
"599","X1070",8,0.00418811143580098,-0.614041480906913,0.27758228666198
"600","X1071",8,0.00502649158983244,-0.403689886881127,0.285610278202922
"601","X1072",7,0.00841029247882025,0.333275817733905,0.31673242865858
"602","X1073",8,0.00712515799070554,-0.287435697441389,0.293210910683412
"603","X1074",9,0.0114709560862243,0.18892153623374,0.302965236229089
"604","X1075",13,0.0302570366418078,-0.0600312895567455,0.37348382432475
"605","X1076",14,0.0302674155984913,-0.288320793836474,0.358569486135281
"606","X1077",19,0.089764146824869,0.712508976905219,0.443398055940785
"607","X1078",16,0.08471223002215,1.31113447191496,0.489927663019384
"608","X1079",16,0.08471223002215,0.817581600170859,0.489927663019384
"609","X1080",18,0.097730319381412,0.967578828347088,0.475542361154979
"610","X1081",15,0.0822043464514342,1.19488432039327,0.479286479095735
"611","X1082",14,0.0860580671724363,1.74454111235159,0.505791050275698
"612","X1083",12,0.0222890838914385,-0.197916483571924,0.518206189840415
"613","X1084",18,0.0807085929892215,0.508404269947053,0.451578809328088
"614","X1085",20,0.172329608124716,3.30439288214189,0.503237836405449
"615","X1086",13,0.0747672152440078,2.12316151071402,0.535984388791247
"616","X1087",12,0.0689477202316626,2.39245451934238,0.506975841933266
"617","X1088",8,0.0602400441597824,5.56216115708805,0.598215560881904
"618","X1089",7,0.0388013518074207,3.79005430284824,0.625147782567812
"619","X1090",7,0.0388013518074207,5.29721959695599,0.625147782567812
"620","X1091",8,0.0694321296749741,7.0763710564149,0.603543818469659
"621","X1092",7,0.0445703214005226,5.60927688901881,0.553862880700686
"622","X1093",6,0.0216056601494883,3.13700335267967,0.555419176377143
"623","X1094",7,0.0344153315857721,4.00859581486874,0.553269528732206
"624","X1095",6,0.0300525725274417,5.43996404024105,0.591834658343562
"625","X1096",5,0.00345128458651798,1.04153983632106,0.554806052082387
"626","X1098",7,0.0426820214812031,3.41512968927814,0.577408153075895
"627","X1099",8,0.0555172296414147,4.56205093393456,0.547759214147668
"628","X1100",7,0.0381909044874253,4.03735835848792,0.59540392369724
"629","X1101",7,0.0381909044874253,3.11932534435716,0.59540392369724
"630","X1106",5,0.00302354416231039,0.660218372613069,0.568265460103503
"631","X1107",12,0.0323553190193507,0.344905109160591,0.346962743927758
"632","X1110",10,0.00586918143022383,-0.738057489603236,0.296630007878716
"633","X1111",11,0.00807718126112957,-0.792377809296757,0.286360598796586
"634","X1112",8,0.00283678528908157,-0.597700408660995,0.278167301722587
"635","X1113",6,0.00299124898046779,-0.113999023185444,0.286959417850775
"636","X1116",7,0.00474066469881412,-0.251217276814495,0.303397939281148
"637","X1117",7,0.00671777525655971,0.0134433706499345,0.311957500522823
"638","X1118",7,0.00278528688110257,-0.512336602474583,0.296944100815115
"639","X1119",15,0.0656482493126986,0.936350100078924,0.523842945396668
"640","X1120",16,0.0883121568166927,1.37114586415186,0.485289118553334
"641","X1121",17,0.0883131692655505,0.977201658787531,0.466897662961231
"642","X1122",12,0.0736170415754028,2.13747207099383,0.571166393041444
"643","X1123",13,0.0831917419042629,1.41690718350172,0.53463282462192
"644","X1124",13,0.0831917419042629,1.83658737092465,0.53463282462192
"645","X1125",15,0.0962083797704469,1.69251133878827,0.507845321687621
"646","X1126",10,0.0615542269595213,3.07261635363062,0.549074799238704
"647","X1127",11,0.0737862418759277,1.78579170964998,0.528281270482856
"648","X1128",10,0.0209884707638564,0.56159119783236,0.538576091648315
"649","X1129",7,0.00225454095333978,-0.394310887745365,0.556343229974764
"650","X1130",5,0.000159677079801282,-0.615524975782594,0.606881577931167
"651","X1131",7,0.0351530540372913,3.6361041969551,0.551655846850687
"652","X1132",6,0.0216056601494883,2.8975213381703,0.555419176377143
"653","X1133",5,0.0137048468172497,9.20384376117021,0.614858043481051
"654","X1134",5,0.0137048468172497,7.76882508807661,0.614858043481051
"655","X1135",6,0.0216056601494883,6.10592950987372,0.555419176377143
"656","X1136",8,0.0463733763146817,3.33730489602304,0.540251951944534
"657","X1137",8,0.0463733763146817,3.34409397954024,0.540251951944534
"658","X1138",5,0.0010198890677454,0.135369419036558,0.542326115599116
"659","X1139",5,0.0137048468172497,8.26912410583775,0.614858043481051
"660","X1140",5,0.0137048468172497,7.87642104657192,0.614858043481051
"661","X1141",5,0.00345128458651798,1.84046847222966,0.554806052082387
"662","X1143",7,0.0426820214812031,4.16066194857226,0.577408153075895
"663","X1144",7,0.0426820214812031,6.22360576522086,0.577408153075895
"664","X1145",6,0.0197544928418558,3.12479439434271,0.709168612829399
"665","X1146",7,0.0469756604176224,5.05184657932018,0.671845992752079
"666","X1147",7,0.0225192358657329,1.83328132460015,0.645864582067604
"667","X1152",9,0.0313724676535533,0.975368099287004,0.399751139263068
"668","X1155",10,0.00755964197035346,-0.713017144932448,0.296559171533385
"669","X1156",5,2.75893318436862e-05,-0.418868155125593,0.286475220301382
"670","X1157",6,0.00299124898046779,0.0975286189845436,0.286959417850775
"671","X1162",14,0.0816368930456921,1.41623786855097,0.573270005287616
"672","X1163",14,0.0816368930456921,1.6549594655055,0.573270005287616
"673","X1164",7,0.0350559204591269,3.98260059888588,0.648369235203023
"674","X1165",5,0.00216078563212664,0.438986418372664,0.574013160816154
"675","X1166",10,0.0701483150111041,2.8984359411382,0.602246223773857
"676","X1167",9,0.0700770255771059,4.27673055532465,0.589205096688203
"677","X1168",6,0.0186508528499708,2.81146464419365,0.568829917211321
"678","X1169",6,0.0303685208520379,5.96957684108302,0.588203829244734
"679","X1170",6,0.0303685208520379,6.40506519513296,0.588203829244734
"680","X1171",6,0.000259012600581653,-0.652003795960732,0.572560572670822
"681","X1172",6,0.000259012600581653,-0.613244887302772,0.572560572670822
"682","X1173",5,0.000159677079801282,-0.394906127437932,0.606881577931167
"683","X1176",5,0.0137048468172497,3.96453188456755,0.614858043481051
"684","X1177",5,0.0137048468172497,4.00784910807272,0.614858043481051
"685","X1178",5,0.0137048468172497,4.06935614065678,0.614858043481051
"686","X1179",5,0.0137048468172497,6.57501189668304,0.614858043481051
"687","X1184",5,0.00345128458651798,1.19738691897857,0.554806052082387
"688","X1185",5,0.00345128458651798,1.26218763517044,0.554806052082387
"689","X1186",6,0.0299846940167049,5.46832890756226,0.60495655126074
"690","X1187",6,0.0406850002668266,2.96892212471483,0.616248711656707
"691","X1188",7,0.0479443376336672,6.99289773819413,0.708524275993105
"692","X1190",5,4.11812152400599e-05,-0.483336928070134,0.614147031747398
"693","X1194",5,6.83213341233238e-05,-0.607313457038642,0.472574290386566
"694","X1196",6,0.00203895614155783,-0.21767401313463,0.364853805997766
"695","X1198",5,2.75893318436862e-05,-0.441247373546776,0.286475220301382
"696","X1199",13,0.0690655639448682,1.27430319770717,0.522989373963631
"697","X1200",13,0.0690655639448682,1.73978358050702,0.522989373963631
"698","X1201",9,0.0291587185681445,1.06517893262631,0.695300123492859
"699","X1202",5,0.00216078563212664,0.535663781514167,0.574013160816154
"700","X1206",5,0.00345128458651798,1.03697135621644,0.554806052082387
"701","X1223",5,0.00345128458651798,1.06267938388239,0.554806052082387
"702","X1224",5,0.00575082959868612,3.0691768647147,0.635842362750295
"703","X1225",7,0.110453627546203,11.3311316194533,0.682251720166869
"704","X1226",6,0.0197544928418558,2.03560715089632,0.709168612829399
"705","X1229",7,0.0012706354056024,-0.664833409560996,0.466467206424539
"706","X1231",9,0.0114328066062561,-0.133326034312783,0.368999928365111
"707","X1232",9,0.0166098874122839,0.426142342234859,0.393605033214625
"708","X1233",8,0.0166098874122839,1.06800433524592,0.424347649838369
"709","X1236",11,0.0674191717938238,2.15026820905568,0.54927882085938
"710","X1237",10,0.0324647189231569,0.546564445525627,0.586763434544033
"711","X1238",9,0.0209635613517578,0.244894478248146,0.680025885191857
"712","X1239",5,0.00216078563212664,0.451841339608888,0.574013160816154
"713","X1243",5,0.00345128458651798,1.29451734497889,0.554806052082387
"714","X1262",7,0.0935149504243181,18.8465771377661,0.686349893494474
"715","X1263",6,0.0197544928418558,2.13102815112134,0.709168612829399
"716","X1267",5,4.99430075992881e-05,-0.49223366937313,0.466661285379774
"717","X1270",10,0.011526692086656,-0.356600067722289,0.355884648853624
"718","X1271",7,0.00181532521025126,-0.533126980830044,0.308338601864418
"719","X1272",6,0.00203895614155783,-0.261617880737671,0.364853805997766
"720","X1273",5,0.00143765485746539,0.44036908946078,0.370502126184735
"721","X1274",11,0.03260471813073,0.575698446718709,0.389483303145041
"722","X1275",10,0.0250367007478345,0.681318563987532,0.421827959793943
"723","X1282",5,0.000945351899612861,-0.074562336723224,0.606323646425382
"724","X1287",5,0.00345128458651798,1.32752182261898,0.554806052082387
"725","X1307",5,0.00792854308742002,2.49929221361454,0.678588637861955
"726","X1312",5,4.99430075992881e-05,-0.357236363335373,0.466661285379774
"727","X1315",11,0.0120856758825795,-0.527704454243771,0.370808795601473
"728","X1316",8,0.0021793472043572,-0.791630512103346,0.345674571087221
"729","X1317",7,0.00215254989200209,-0.332338959990804,0.367278107601814
"730","X1318",11,0.0374970383967751,0.966698426346058,0.407068183160513
"731","X1319",13,0.0421014498523029,0.5861566289177,0.411719147493633
"732","X1320",12,0.0413719810390313,0.898827054343121,0.412903595135658
"733","X1329",5,0.000945351899612861,-0.138249782539214,0.606323646425382
"734","X1363",5,5.71130403125917e-07,-0.453667299647612,0.380953870720707
"735","X1365",11,0.0125410862060311,-0.462962967712093,0.37488490492636
"736","X1366",8,0.0105477767588139,-0.068628602386545,0.379726276959094
"737","X1367",8,0.0105477767588139,0.154003642450572,0.379726276959094
"738","X1368",13,0.0421014498523029,0.37824881764998,0.40745135926562
"739","X1369",14,0.0421014498523029,0.308316921350504,0.399600303394612
"740","X1417",7,0.00982535535100311,0.689517750467346,0.386908565445961
"741","X1418",10,0.0123068298960093,-0.275415577948207,0.361000499510608
"742","X1419",9,0.0123068298960093,-0.103374713624639,0.371184878628656
"743","X1420",10,0.0129243704989478,-0.219490715776253,0.3651492979986
"744","X1421",10,0.0271226187697384,0.583397978105877,0.388980022339631
"745","X1422",15,0.0421014498523029,0.104328791477313,0.387495402196832
"746","X1473",7,0.00982535535100311,0.540226872139666,0.386908565445961
"747","X1474",9,0.00525440562466757,-0.590102962577174,0.345793541041191
"748","X1475",9,0.00525440562466757,-0.545015763505415,0.345793541041191
"749","X1476",10,0.0271226187697384,0.685289167475964,0.388980022339631
"750","X1477",11,0.0271226187697384,0.203649109725903,0.369846068782139
"751","X1478",13,0.0308618016719232,-0.127270255704293,0.380114722343813
"752","X1529",8,0.0104098347706963,-0.057658856414788,0.385919440887987
"753","X1530",7,0.00401455071622689,-0.129426998060408,0.352826441809336
"754","X1531",8,0.0050094345165376,-0.495957774534547,0.359764510233042
"755","X1532",9,0.00525440562466757,-0.658242171647963,0.345793541041191
"756","X1533",11,0.0271226187697384,0.0593412509643664,0.369874359243627
"757","X1534",10,0.0271226187697384,0.881525496532025,0.392481593130705
"758","X1535",12,0.0179967986142199,-0.533181590368747,0.360351783684973
"759","X1536",10,0.0171857695952226,0.151394187705011,0.381947835537282
"760","X1589",8,0.00445289908321715,-0.464037791163206,0.361289170275116
"761","X1590",8,0.00542175713676565,-0.420370213908163,0.364892101624402
"762","X1591",9,0.00542175713676565,-0.538220886645364,0.341054312135416
"763","X1592",8,0.0050094345165376,-0.375001056537017,0.359764510233042
"764","X1593",10,0.00581831876340138,-0.565340842011535,0.332694257680374
"765","X1594",11,0.0271226187697384,0.134509840242165,0.369874359243627
"766","X1595",10,0.0271226187697384,0.505580599460639,0.392481593130705
"767","X1596",11,0.0193290573214904,-0.104900277754328,0.373625152244994
"768","X1597",10,0.0191548056175712,0.122400434072974,0.389360763336549
"769","X1598",6,4.34867137333721e-05,-0.738023412529388,0.348973207166548
"770","X1599",5,2.81607789421617e-05,-0.449995571758667,0.341688030464913
"771","X1651",7,0.0124757942642349,0.962584529221281,0.478230878260925
"772","X1652",9,0.00542175713676565,-0.595717828524162,0.362642924308094
"773","X1653",9,0.00542175713676565,-0.568831546837456,0.362642924308094
"774","X1654",10,0.00542175713676565,-0.69245409422883,0.346217160649215
"775","X1655",8,0.0050094345165376,-0.418759914409889,0.359764510233042
"776","X1656",10,0.0102493625329394,-0.508490958290028,0.373875244921366
"777","X1657",8,0.00557334765527142,-0.306410316907864,0.365040527503206
"778","X1658",7,0.00290471232752594,-0.462149508116075,0.417307325589176
"779","X1659",10,0.0248854094873247,0.302424273622432,0.437029280768022
"780","X1660",7,0.000411060124271709,-0.788551736698897,0.376757955713063
"781","X1661",6,0.00038756513932672,-0.546231083872132,0.356748510206789
"782","X1662",5,8.99379710030003e-06,-0.46155971269208,0.310239561849848
"783","X1663",6,0.000394281901820524,-0.622337156698318,0.356546611589367
"784","X1720",10,0.00855199141251988,-0.462551113988577,0.375088176375863
"785","X1721",10,0.00542681824196948,-0.72998752433812,0.358714848155864
"786","X1722",9,0.00542175713676565,-0.676874292280607,0.362642924308094
"787","X1723",9,0.00517233324368041,-0.667298999338094,0.345209114068548
"788","X1724",10,0.00542175713676565,-0.704560306685839,0.346217160649215
"789","X1725",11,0.0148810697171459,-0.545019850750335,0.396562152281773
"790","X1726",7,0.00525434817492626,-0.0789691052841762,0.431313560007697
"791","X1727",5,0.000223373165958013,-0.411502772169968,0.379237547585126
"792","X1728",6,0.00038756513932672,-0.548063168371069,0.356748510206789
"793","X1729",6,0.00038756513932672,-0.602204382280007,0.356748510206789
"794","X1730",6,0.00038756513932672,-0.547350137115539,0.356748510206789
"795","X1731",5,8.99379710030003e-06,-0.508540333200175,0.310239561849848
"796","X1732",5,8.99379710030003e-06,-0.453756536145852,0.310239561849848
"797","X1789",5,0.000104492990348182,-0.509965116006569,0.356566599523706
"798","X1790",5,0.000104492990348182,-0.513662023006753,0.356566599523706
"799","X1791",5,0.000104492990348182,-0.588079804474533,0.356566599523706
"800","X1792",6,0.000608868423392154,-0.585854914478853,0.373536742053719
"801","X1793",8,0.00908548839815736,-0.0564983149846788,0.394648939036091
"802","X1794",8,0.00816979188137604,0.0803638438413679,0.357060182628092
"803","X1795",9,0.00517233324368041,-0.612011185096468,0.345209114068548
"804","X1796",10,0.00665738235260841,-0.620680871944075,0.352055838762464
"805","X1797",12,0.0184249426026771,-0.308216864095678,0.418259159591453
"806","X1798",6,0.00142779270297928,-0.300902701438361,0.434702297561272
"807","X1800",5,0.000202313684351896,-0.333740820212591,0.43316816252807
"808","X1801",5,0.000202313684351896,-0.516356169996087,0.43316816252807
"809","X1802",5,0.000202313684351896,-0.311379793374116,0.43316816252807
"810","X1862",5,0.000104492990348182,-0.258097843529153,0.356566599523706
"811","X1863",5,0.000104492990348182,-0.492257812681554,0.356566599523706
"812","X1869",6,0.000817409608747626,-0.448316396844107,0.317451184447265
"813","X1870",7,0.00160117814188539,-0.575431983484193,0.335671187447609
"814","X1871",5,0.000421333099165247,-0.270203439121991,0.440409338931573
"815","X1875",5,7.29564726945344e-05,-0.470897900872932,0.324339395688218
"816","X67",2,NA,NA,NA
"817","X85",1,NA,NA,NA
"818","X86",1,NA,NA,NA
"819","X87",2,NA,NA,NA
"820","X88",2,NA,NA,NA
"821","X89",3,NA,NA,NA
"822","X90",3,NA,NA,NA
"823","X111",1,NA,NA,NA
"824","X112",1,NA,NA,NA
"825","X113",2,NA,NA,NA
"826","X114",1,NA,NA,NA
"827","X115",1,NA,NA,NA
"828","X116",2,NA,NA,NA
"829","X117",2,NA,NA,NA
"830","X118",2,NA,NA,NA
"831","X119",3,NA,NA,NA
"832","X120",3,NA,NA,NA
"833","X146",1,NA,NA,NA
"834","X147",1,NA,NA,NA
"835","X148",3,NA,NA,NA
"836","X149",3,NA,NA,NA
"837","X150",2,NA,NA,NA
"838","X151",2,NA,NA,NA
"839","X152",2,NA,NA,NA
"840","X153",2,NA,NA,NA
"841","X154",2,NA,NA,NA
"842","X155",2,NA,NA,NA
"843","X156",2,NA,NA,NA
"844","X157",3,NA,NA,NA
"845","X158",4,NA,NA,NA
"846","X184",3,NA,NA,NA
"847","X185",2,NA,NA,NA
"848","X187",4,NA,NA,NA
"849","X188",4,NA,NA,NA
"850","X189",4,NA,NA,NA
"851","X190",2,NA,NA,NA
"852","X191",2,NA,NA,NA
"853","X192",2,NA,NA,NA
"854","X193",2,NA,NA,NA
"855","X194",2,NA,NA,NA
"856","X195",2,NA,NA,NA
"857","X196",3,NA,NA,NA
"858","X222",1,NA,NA,NA
"859","X223",3,NA,NA,NA
"860","X224",3,NA,NA,NA
"861","X226",4,NA,NA,NA
"862","X227",4,NA,NA,NA
"863","X229",1,NA,NA,NA
"864","X230",1,NA,NA,NA
"865","X231",1,NA,NA,NA
"866","X232",1,NA,NA,NA
"867","X233",2,NA,NA,NA
"868","X234",3,NA,NA,NA
"869","X235",4,NA,NA,NA
"870","X236",4,NA,NA,NA
"871","X260",1,NA,NA,NA
"872","X262",3,NA,NA,NA
"873","X263",3,NA,NA,NA
"874","X264",4,NA,NA,NA
"875","X267",4,NA,NA,NA
"876","X270",1,NA,NA,NA
"877","X271",1,NA,NA,NA
"878","X272",1,NA,NA,NA
"879","X273",1,NA,NA,NA
"880","X274",1,NA,NA,NA
"881","X275",3,NA,NA,NA
"882","X276",4,NA,NA,NA
"883","X304",1,NA,NA,NA
"884","X305",3,NA,NA,NA
"885","X306",2,NA,NA,NA
"886","X307",3,NA,NA,NA
"887","X309",4,NA,NA,NA
"888","X316",1,NA,NA,NA
"889","X317",1,NA,NA,NA
"890","X318",1,NA,NA,NA
"891","X319",1,NA,NA,NA
"892","X321",3,NA,NA,NA
"893","X322",4,NA,NA,NA
"894","X349",2,NA,NA,NA
"895","X350",4,NA,NA,NA
"896","X351",4,NA,NA,NA
"897","X362",1,NA,NA,NA
"898","X363",2,NA,NA,NA
"899","X364",2,NA,NA,NA
"900","X365",2,NA,NA,NA
"901","X366",3,NA,NA,NA
"902","X367",3,NA,NA,NA
"903","X368",4,NA,NA,NA
"904","X369",4,NA,NA,NA
"905","X370",4,NA,NA,NA
"906","X392",2,NA,NA,NA
"907","X405",2,NA,NA,NA
"908","X406",2,NA,NA,NA
"909","X407",2,NA,NA,NA
"910","X408",3,NA,NA,NA
"911","X409",4,NA,NA,NA
"912","X410",4,NA,NA,NA
"913","X411",3,NA,NA,NA
"914","X412",4,NA,NA,NA
"915","X413",4,NA,NA,NA
"916","X414",4,NA,NA,NA
"917","X434",3,NA,NA,NA
"918","X448",4,NA,NA,NA
"919","X449",3,NA,NA,NA
"920","X450",3,NA,NA,NA
"921","X451",3,NA,NA,NA
"922","X452",4,NA,NA,NA
"923","X456",3,NA,NA,NA
"924","X457",4,NA,NA,NA
"925","X478",3,NA,NA,NA
"926","X495",4,NA,NA,NA
"927","X496",4,NA,NA,NA
"928","X497",4,NA,NA,NA
"929","X499",4,NA,NA,NA
"930","X507",4,NA,NA,NA
"931","X520",1,NA,NA,NA
"932","X539",4,NA,NA,NA
"933","X540",4,NA,NA,NA
"934","X541",4,NA,NA,NA
"935","X557",2,NA,NA,NA
"936","X587",4,NA,NA,NA
"937","X611",4,NA,NA,NA
"938","X679",4,NA,NA,NA
"939","X680",4,NA,NA,NA
"940","X697",2,NA,NA,NA
"941","X701",3,NA,NA,NA
"942","X720",4,NA,NA,NA
"943","X721",4,NA,NA,NA
"944","X722",4,NA,NA,NA
"945","X746",1,NA,NA,NA
"946","X767",4,NA,NA,NA
"947","X768",4,NA,NA,NA
"948","X827",4,NA,NA,NA
"949","X913",4,NA,NA,NA
"950","X943",4,NA,NA,NA
"951","X1018",3,NA,NA,NA
"952","X1019",1,NA,NA,NA
"953","X1060",4,NA,NA,NA
"954","X1061",2,NA,NA,NA
"955","X1069",4,NA,NA,NA
"956","X1097",4,NA,NA,NA
"957","X1102",3,NA,NA,NA
"958","X1103",2,NA,NA,NA
"959","X1108",2,NA,NA,NA
"960","X1109",4,NA,NA,NA
"961","X1114",4,NA,NA,NA
"962","X1115",4,NA,NA,NA
"963","X1142",4,NA,NA,NA
"964","X1148",4,NA,NA,NA
"965","X1149",1,NA,NA,NA
"966","X1151",4,NA,NA,NA
"967","X1153",2,NA,NA,NA
"968","X1154",3,NA,NA,NA
"969","X1158",4,NA,NA,NA
"970","X1159",4,NA,NA,NA
"971","X1160",4,NA,NA,NA
"972","X1161",4,NA,NA,NA
"973","X1174",4,NA,NA,NA
"974","X1175",4,NA,NA,NA
"975","X1180",4,NA,NA,NA
"976","X1181",4,NA,NA,NA
"977","X1182",4,NA,NA,NA
"978","X1183",4,NA,NA,NA
"979","X1189",4,NA,NA,NA
"980","X1191",3,NA,NA,NA
"981","X1192",2,NA,NA,NA
"982","X1195",4,NA,NA,NA
"983","X1197",2,NA,NA,NA
"984","X1203",4,NA,NA,NA
"985","X1204",4,NA,NA,NA
"986","X1205",4,NA,NA,NA
"987","X1207",4,NA,NA,NA
"988","X1208",4,NA,NA,NA
"989","X1209",4,NA,NA,NA
"990","X1210",4,NA,NA,NA
"991","X1211",4,NA,NA,NA
"992","X1212",4,NA,NA,NA
"993","X1213",4,NA,NA,NA
"994","X1214",4,NA,NA,NA
"995","X1215",4,NA,NA,NA
"996","X1216",4,NA,NA,NA
"997","X1217",4,NA,NA,NA
"998","X1218",4,NA,NA,NA
"999","X1219",4,NA,NA,NA
"1000","X1220",4,NA,NA,NA
"1001","X1221",4,NA,NA,NA
"1002","X1222",4,NA,NA,NA
"1003","X1227",4,NA,NA,NA
"1004","X1228",2,NA,NA,NA
"1005","X1230",3,NA,NA,NA
"1006","X1234",2,NA,NA,NA
"1007","X1235",2,NA,NA,NA
"1008","X1240",4,NA,NA,NA
"1009","X1241",4,NA,NA,NA
"1010","X1242",4,NA,NA,NA
"1011","X1244",4,NA,NA,NA
"1012","X1245",4,NA,NA,NA
"1013","X1246",4,NA,NA,NA
"1014","X1247",4,NA,NA,NA
"1015","X1248",4,NA,NA,NA
"1016","X1249",4,NA,NA,NA
"1017","X1250",4,NA,NA,NA
"1018","X1251",4,NA,NA,NA
"1019","X1252",4,NA,NA,NA
"1020","X1253",4,NA,NA,NA
"1021","X1254",4,NA,NA,NA
"1022","X1255",4,NA,NA,NA
"1023","X1256",4,NA,NA,NA
"1024","X1257",3,NA,NA,NA
"1025","X1258",3,NA,NA,NA
"1026","X1259",3,NA,NA,NA
"1027","X1260",4,NA,NA,NA
"1028","X1261",4,NA,NA,NA
"1029","X1264",3,NA,NA,NA
"1030","X1265",1,NA,NA,NA
"1031","X1266",1,NA,NA,NA
"1032","X1268",4,NA,NA,NA
"1033","X1269",3,NA,NA,NA
"1034","X1276",2,NA,NA,NA
"1035","X1277",3,NA,NA,NA
"1036","X1278",2,NA,NA,NA
"1037","X1279",2,NA,NA,NA
"1038","X1280",4,NA,NA,NA
"1039","X1281",4,NA,NA,NA
"1040","X1283",4,NA,NA,NA
"1041","X1284",4,NA,NA,NA
"1042","X1285",4,NA,NA,NA
"1043","X1286",4,NA,NA,NA
"1044","X1288",4,NA,NA,NA
"1045","X1289",4,NA,NA,NA
"1046","X1290",4,NA,NA,NA
"1047","X1291",4,NA,NA,NA
"1048","X1292",4,NA,NA,NA
"1049","X1293",4,NA,NA,NA
"1050","X1294",4,NA,NA,NA
"1051","X1295",4,NA,NA,NA
"1052","X1296",3,NA,NA,NA
"1053","X1297",3,NA,NA,NA
"1054","X1298",3,NA,NA,NA
"1055","X1299",3,NA,NA,NA
"1056","X1300",4,NA,NA,NA
"1057","X1301",2,NA,NA,NA
"1058","X1302",2,NA,NA,NA
"1059","X1303",2,NA,NA,NA
"1060","X1304",4,NA,NA,NA
"1061","X1305",4,NA,NA,NA
"1062","X1306",4,NA,NA,NA
"1063","X1308",1,NA,NA,NA
"1064","X1309",1,NA,NA,NA
"1065","X1310",1,NA,NA,NA
"1066","X1313",3,NA,NA,NA
"1067","X1314",3,NA,NA,NA
"1068","X1321",1,NA,NA,NA
"1069","X1322",1,NA,NA,NA
"1070","X1323",1,NA,NA,NA
"1071","X1324",3,NA,NA,NA
"1072","X1325",2,NA,NA,NA
"1073","X1326",3,NA,NA,NA
"1074","X1327",4,NA,NA,NA
"1075","X1328",4,NA,NA,NA
"1076","X1330",3,NA,NA,NA
"1077","X1331",3,NA,NA,NA
"1078","X1332",4,NA,NA,NA
"1079","X1333",4,NA,NA,NA
"1080","X1334",4,NA,NA,NA
"1081","X1335",4,NA,NA,NA
"1082","X1336",3,NA,NA,NA
"1083","X1337",3,NA,NA,NA
"1084","X1338",3,NA,NA,NA
"1085","X1339",2,NA,NA,NA
"1086","X1340",1,NA,NA,NA
"1087","X1341",1,NA,NA,NA
"1088","X1342",1,NA,NA,NA
"1089","X1343",1,NA,NA,NA
"1090","X1344",1,NA,NA,NA
"1091","X1345",1,NA,NA,NA
"1092","X1346",1,NA,NA,NA
"1093","X1347",1,NA,NA,NA
"1094","X1349",1,NA,NA,NA
"1095","X1350",1,NA,NA,NA
"1096","X1351",2,NA,NA,NA
"1097","X1352",1,NA,NA,NA
"1098","X1353",4,NA,NA,NA
"1099","X1354",3,NA,NA,NA
"1100","X1355",1,NA,NA,NA
"1101","X1356",1,NA,NA,NA
"1102","X1357",1,NA,NA,NA
"1103","X1360",3,NA,NA,NA
"1104","X1361",3,NA,NA,NA
"1105","X1362",4,NA,NA,NA
"1106","X1364",3,NA,NA,NA
"1107","X1370",1,NA,NA,NA
"1108","X1373",1,NA,NA,NA
"1109","X1374",2,NA,NA,NA
"1110","X1375",3,NA,NA,NA
"1111","X1376",2,NA,NA,NA
"1112","X1377",2,NA,NA,NA
"1113","X1378",2,NA,NA,NA
"1114","X1379",3,NA,NA,NA
"1115","X1380",2,NA,NA,NA
"1116","X1381",1,NA,NA,NA
"1117","X1382",1,NA,NA,NA
"1118","X1383",2,NA,NA,NA
"1119","X1384",2,NA,NA,NA
"1120","X1385",2,NA,NA,NA
"1121","X1386",2,NA,NA,NA
"1122","X1387",1,NA,NA,NA
"1123","X1388",1,NA,NA,NA
"1124","X1389",1,NA,NA,NA
"1125","X1390",2,NA,NA,NA
"1126","X1391",1,NA,NA,NA
"1127","X1402",1,NA,NA,NA
"1128","X1403",1,NA,NA,NA
"1129","X1404",2,NA,NA,NA
"1130","X1405",1,NA,NA,NA
"1131","X1406",1,NA,NA,NA
"1132","X1412",2,NA,NA,NA
"1133","X1413",3,NA,NA,NA
"1134","X1414",3,NA,NA,NA
"1135","X1415",3,NA,NA,NA
"1136","X1416",2,NA,NA,NA
"1137","X1423",1,NA,NA,NA
"1138","X1426",1,NA,NA,NA
"1139","X1427",1,NA,NA,NA
"1140","X1428",2,NA,NA,NA
"1141","X1429",2,NA,NA,NA
"1142","X1431",1,NA,NA,NA
"1143","X1432",1,NA,NA,NA
"1144","X1437",1,NA,NA,NA
"1145","X1438",1,NA,NA,NA
"1146","X1439",1,NA,NA,NA
"1147","X1442",2,NA,NA,NA
"1148","X1443",1,NA,NA,NA
"1149","X1446",1,NA,NA,NA
"1150","X1447",1,NA,NA,NA
"1151","X1454",1,NA,NA,NA
"1152","X1466",3,NA,NA,NA
"1153","X1467",3,NA,NA,NA
"1154","X1468",3,NA,NA,NA
"1155","X1469",3,NA,NA,NA
"1156","X1470",3,NA,NA,NA
"1157","X1471",2,NA,NA,NA
"1158","X1472",2,NA,NA,NA
"1159","X1482",1,NA,NA,NA
"1160","X1483",2,NA,NA,NA
"1161","X1500",1,NA,NA,NA
"1162","X1501",1,NA,NA,NA
"1163","X1502",1,NA,NA,NA
"1164","X1521",2,NA,NA,NA
"1165","X1522",3,NA,NA,NA
"1166","X1523",2,NA,NA,NA
"1167","X1524",2,NA,NA,NA
"1168","X1525",3,NA,NA,NA
"1169","X1526",3,NA,NA,NA
"1170","X1527",2,NA,NA,NA
"1171","X1528",2,NA,NA,NA
"1172","X1540",1,NA,NA,NA
"1173","X1557",1,NA,NA,NA
"1174","X1558",1,NA,NA,NA
"1175","X1559",1,NA,NA,NA
"1176","X1579",2,NA,NA,NA
"1177","X1580",2,NA,NA,NA
"1178","X1581",2,NA,NA,NA
"1179","X1582",2,NA,NA,NA
"1180","X1583",2,NA,NA,NA
"1181","X1584",3,NA,NA,NA
"1182","X1585",2,NA,NA,NA
"1183","X1586",2,NA,NA,NA
"1184","X1587",2,NA,NA,NA
"1185","X1588",3,NA,NA,NA
"1186","X1600",4,NA,NA,NA
"1187","X1605",1,NA,NA,NA
"1188","X1641",1,NA,NA,NA
"1189","X1642",1,NA,NA,NA
"1190","X1643",2,NA,NA,NA
"1191","X1644",2,NA,NA,NA
"1192","X1645",2,NA,NA,NA
"1193","X1646",2,NA,NA,NA
"1194","X1647",3,NA,NA,NA
"1195","X1648",3,NA,NA,NA
"1196","X1649",2,NA,NA,NA
"1197","X1650",3,NA,NA,NA
"1198","X1664",3,NA,NA,NA
"1199","X1665",3,NA,NA,NA
"1200","X1666",1,NA,NA,NA
"1201","X1708",1,NA,NA,NA
"1202","X1709",1,NA,NA,NA
"1203","X1710",1,NA,NA,NA
"1204","X1711",1,NA,NA,NA
"1205","X1712",2,NA,NA,NA
"1206","X1713",2,NA,NA,NA
"1207","X1714",2,NA,NA,NA
"1208","X1715",2,NA,NA,NA
"1209","X1716",2,NA,NA,NA
"1210","X1717",2,NA,NA,NA
"1211","X1718",3,NA,NA,NA
"1212","X1719",4,NA,NA,NA
"1213","X1733",3,NA,NA,NA
"1214","X1734",3,NA,NA,NA
"1215","X1735",3,NA,NA,NA
"1216","X1780",1,NA,NA,NA
"1217","X1781",1,NA,NA,NA
"1218","X1782",1,NA,NA,NA
"1219","X1783",1,NA,NA,NA
"1220","X1784",2,NA,NA,NA
"1221","X1785",2,NA,NA,NA
"1222","X1786",2,NA,NA,NA
"1223","X1787",2,NA,NA,NA
"1224","X1788",2,NA,NA,NA
"1225","X1799",4,NA,NA,NA
"1226","X1803",3,NA,NA,NA
"1227","X1804",2,NA,NA,NA
"1228","X1805",2,NA,NA,NA
"1229","X1806",3,NA,NA,NA
"1230","X1807",3,NA,NA,NA
"1231","X1818",1,NA,NA,NA
"1232","X1819",1,NA,NA,NA
"1233","X1853",1,NA,NA,NA
"1234","X1854",1,NA,NA,NA
"1235","X1855",1,NA,NA,NA
"1236","X1856",1,NA,NA,NA
"1237","X1857",1,NA,NA,NA
"1238","X1858",1,NA,NA,NA
"1239","X1859",1,NA,NA,NA
"1240","X1860",2,NA,NA,NA
"1241","X1861",3,NA,NA,NA
"1242","X1864",4,NA,NA,NA
"1243","X1865",3,NA,NA,NA
"1244","X1866",2,NA,NA,NA
"1245","X1867",2,NA,NA,NA
"1246","X1868",3,NA,NA,NA
"1247","X1872",3,NA,NA,NA
"1248","X1873",3,NA,NA,NA
"1249","X1874",4,NA,NA,NA
"1250","X1876",4,NA,NA,NA
"1251","X1877",2,NA,NA,NA
"1252","X1878",2,NA,NA,NA
"1253","X1879",2,NA,NA,NA
"1254","X1880",2,NA,NA,NA
"1255","X1881",2,NA,NA,NA
"1256","X1882",3,NA,NA,NA
"1257","X1900",1,NA,NA,NA
"1258","X1901",1,NA,NA,NA
"1259","X1902",1,NA,NA,NA
"1260","X1934",1,NA,NA,NA
"1261","X1935",1,NA,NA,NA
"1262","X1936",1,NA,NA,NA
"1263","X1937",1,NA,NA,NA
"1264","X1938",1,NA,NA,NA
"1265","X1939",1,NA,NA,NA
"1266","X1940",1,NA,NA,NA
"1267","X1941",3,NA,NA,NA
"1268","X1942",3,NA,NA,NA
"1269","X1943",2,NA,NA,NA
"1270","X1944",1,NA,NA,NA
"1271","X1948",1,NA,NA,NA
"1272","X1949",2,NA,NA,NA
"1273","X1950",2,NA,NA,NA
"1274","X1951",3,NA,NA,NA
"1275","X1952",3,NA,NA,NA
"1276","X1953",3,NA,NA,NA
"1277","X1954",3,NA,NA,NA
"1278","X1955",3,NA,NA,NA
"1279","X1956",3,NA,NA,NA
"1280","X1957",2,NA,NA,NA
"1281","X1958",3,NA,NA,NA
"1282","X1959",1,NA,NA,NA
"1283","X1960",1,NA,NA,NA
"1284","X1961",2,NA,NA,NA
"1285","X1962",2,NA,NA,NA
"1286","X1963",1,NA,NA,NA
"1287","X1983",1,NA,NA,NA
"1288","X1984",1,NA,NA,NA
"1289","X1985",1,NA,NA,NA
"1290","X1986",1,NA,NA,NA
"1291","X2006",1,NA,NA,NA
"1292","X2007",1,NA,NA,NA
"1293","X2008",1,NA,NA,NA
"1294","X2009",2,NA,NA,NA
"1295","X2010",2,NA,NA,NA
"1296","X2011",2,NA,NA,NA
"1297","X2012",3,NA,NA,NA
"1298","X2013",3,NA,NA,NA
"1299","X2014",1,NA,NA,NA
"1300","X2022",2,NA,NA,NA
"1301","X2023",3,NA,NA,NA
"1302","X2024",2,NA,NA,NA
"1303","X2025",3,NA,NA,NA
"1304","X2026",3,NA,NA,NA
"1305","X2027",3,NA,NA,NA
"1306","X2028",3,NA,NA,NA
"1307","X2029",2,NA,NA,NA
"1308","X2030",2,NA,NA,NA
"1309","X2031",1,NA,NA,NA
"1310","X2032",1,NA,NA,NA
"1311","X2033",1,NA,NA,NA
"1312","X2035",1,NA,NA,NA
"1313","X2057",1,NA,NA,NA
"1314","X2058",1,NA,NA,NA
"1315","X2059",1,NA,NA,NA
"1316","X2060",1,NA,NA,NA
"1317","X2061",1,NA,NA,NA
"1318","X2062",1,NA,NA,NA
"1319","X2063",1,NA,NA,NA
"1320","X2064",1,NA,NA,NA
"1321","X2080",1,NA,NA,NA
"1322","X2081",2,NA,NA,NA
"1323","X2082",2,NA,NA,NA
"1324","X2083",2,NA,NA,NA
"1325","X2084",2,NA,NA,NA
"1326","X2095",1,NA,NA,NA
"1327","X2096",1,NA,NA,NA
"1328","X2097",1,NA,NA,NA
"1329","X2098",2,NA,NA,NA
"1330","X2099",2,NA,NA,NA
"1331","X2100",2,NA,NA,NA
"1332","X2101",2,NA,NA,NA
"1333","X2102",1,NA,NA,NA
"1334","X2107",1,NA,NA,NA
"1335","X2108",1,NA,NA,NA
"1336","X2109",1,NA,NA,NA
"1337","X2133",1,NA,NA,NA
"1338","X2134",1,NA,NA,NA
"1339","X2135",1,NA,NA,NA
"1340","X2136",1,NA,NA,NA
"1341","X2137",1,NA,NA,NA
"1342","X2157",2,NA,NA,NA
"1343","X2158",1,NA,NA,NA
"1344","X2159",1,NA,NA,NA
"1345","X2185",1,NA,NA,NA
"1346","X2186",1,NA,NA,NA
"1347","X2211",1,NA,NA,NA
"1348","X2212",1,NA,NA,NA
"1349","X2213",1,NA,NA,NA
"1350","X2214",1,NA,NA,NA
"1351","X2215",1,NA,NA,NA
"1352","X2262",1,NA,NA,NA
"1353","X2288",1,NA,NA,NA
"1354","X2289",1,NA,NA,NA
"1355","X2290",1,NA,NA,NA
"1356","X2291",1,NA,NA,NA
"1357","X2293",1,NA,NA,NA
"1358","X2294",1,NA,NA,NA
"1359","X2345",1,NA,NA,NA
"1360","X2373",1,NA,NA,NA
"1361","X2374",1,NA,NA,NA
"1362","X2375",1,NA,NA,NA
"1363","X2376",1,NA,NA,NA
"1364","X2377",1,NA,NA,NA
"1365","X2378",1,NA,NA,NA
"1366","X2379",1,NA,NA,NA
"1367","X2457",1,NA,NA,NA
"1368","X2458",1,NA,NA,NA
"1369","X2459",1,NA,NA,NA
"1370","X2460",1,NA,NA,NA
"1371","X2461",1,NA,NA,NA
"1372","X2462",1,NA,NA,NA
"1373","X2463",1,NA,NA,NA
"1374","X2548",1,NA,NA,NA
"1375","X2549",1,NA,NA,NA
"1376","X2550",1,NA,NA,NA
"1377","X2551",1,NA,NA,NA
"1378","X2552",1,NA,NA,NA
"1379","X2647",1,NA,NA,NA
"1380","X2648",1,NA,NA,NA
"1381","X2649",1,NA,NA,NA
"1382","X2650",1,NA,NA,NA
"1383","X2651",1,NA,NA,NA
"1384","X2652",1,NA,NA,NA
"1385","X2653",1,NA,NA,NA
"1386","X2757",1,NA,NA,NA
"1387","X2758",1,NA,NA,NA
"1388","X2759",1,NA,NA,NA
"1389","X2760",1,NA,NA,NA
"1390","X2761",1,NA,NA,NA
"1391","X2866",1,NA,NA,NA
"1392","X2867",1,NA,NA,NA
"1393","X2868",1,NA,NA,NA
"1394","X2965",1,NA,NA,NA
"1395","X3062",1,NA,NA,NA
"1396","X3063",1,NA,NA,NA
